AAS,100,29646
AAS,120,51394
AAS,200,67473
AAS,201,62300
AAS,246,66200
AAS,275,71453
AAS,281,70106
AAS,283,72183
AAS,287,58092
AAS,297,64421
AAS,370,67536
AAS,395,71134
AAS,402,45567
AAS,402,64998
ABE,100,72060
ABE,199,10141
ABE,199,70613
ABE,199,55376
ABE,223,58927
ABE,224,58931
ABE,341,57598
ABE,361,29651
ABE,397,50272
ABE,430,64779
ABE,440,33575
ABE,466,31280
ABE,476,29662
ABE,488,57478
ABE,497,50183
ABE,498,10169
ABE,498,71773
ABE,498,71326
ABE,498,72103
ABE,498,70448
ABE,498,72232
ABE,501,39806
ABE,594,47356
ABE,597,10174
ABE,598,69175
ABE,599,10177
ACCY,199,10033
ACCY,199,69998
ACCY,201,36474
ACCY,201,36477
ACCY,201,71428
ACCY,202,36549
ACCY,202,71328
ACCY,301,36577
ACCY,301,36581
ACCY,301,36584
ACCY,301,36587
ACCY,301,36590
ACCY,301,36592
ACCY,301,36598
ACCY,301,49255
ACCY,302,36610
ACCY,302,36614
ACCY,302,36618
ACCY,302,36677
ACCY,302,36680
ACCY,302,36688
ACCY,302,49258
ACCY,303,36692
ACCY,303,36700
ACCY,303,36701
ACCY,303,36713
ACCY,303,49259
ACCY,303,36703
ACCY,303,67818
ACCY,304,31317
ACCY,304,31318
ACCY,304,31319
ACCY,304,31320
ACCY,304,49280
ACCY,304,62036
ACCY,312,31321
ACCY,312,31324
ACCY,312,31330
ACCY,312,31332
ACCY,312,31333
ACCY,312,45719
ACCY,312,45934
ACCY,321,61668
ACCY,405,36758
ACCY,405,36764
ACCY,405,54162
ACCY,410,61231
ACCY,410,64652
ACCY,410,62729
ACCY,410,64654
ACCY,410,62730
ACCY,410,64656
ACCY,410,62731
ACCY,410,64657
ACCY,410,62732
ACCY,410,64658
ACCY,415,29676
ACCY,415,64648
ACCY,415,65021
ACCY,451,49130
ACCY,451,63159
ACCY,451,54569
ACCY,451,63160
ACCY,451,62733
ACCY,451,63161
ACCY,451,63119
ACCY,451,63163
ACCY,451,70659
ACCY,451,70660
ACCY,499,10038
ACCY,500,49761
ACCY,500,58446
ACCY,500,62025
ACCY,500,56063
ACCY,501,70308
ACCY,502,29680
ACCY,502,31334
ACCY,502,61232
ACCY,504,56299
ACCY,504,59162
ACCY,504,64875
ACCY,505,31339
ACCY,505,31341
ACCY,505,54993
ACCY,505,57605
ACCY,505,70661
ACCY,510,46973
ACCY,510,49275
ACCY,510,61974
ACCY,510,62037
ACCY,510,63121
ACCY,512,51813
ACCY,512,51814
ACCY,512,51816
ACCY,515,46977
ACCY,515,46978
ACCY,515,54477
ACCY,517,31377
ACCY,517,39543
ACCY,518,66681
ACCY,518,66682
ACCY,518,66683
ACCY,518,70667
ACCY,551,31381
ACCY,551,31382
ACCY,556,54570
ACCY,556,31384
ACCY,592,29682
ACCY,592,70034
ACCY,593,10041
ACCY,593,72071
ACCY,593,72072
ACCY,593,42002
ACCY,593,36844
ACCY,593,72073
ACCY,593,72074
ACCY,594,29684
ACCY,599,29686
ACE,100,36722
ACE,199,61499
ACE,199,62830
ACE,210,61563
ACE,222,29698
ACE,240,51717
ACE,251,49101
ACE,261,31419
ACE,293,10044
ACE,294,10057
ACE,295,41379
ACE,306,52038
ACE,321,65659
ACE,341,65063
ACE,341,65167
ACE,341,65064
ACE,341,44207
ACE,345,53592
ACE,346,60156
ACE,396,10068
ACE,398,58583
ACE,398,60119
ACE,398,68273
ACE,406,48924
ACE,406,48925
ACE,411,62829
ACE,427,64899
ACE,428,43123
ACE,432,57775
ACE,435,29710
ACE,436,70073
ACE,444,51727
ACE,444,56181
ACE,444,51728
ACE,444,56182
ACE,445,47126
ACE,452,66684
ACE,452,69255
ACE,455,56174
ACE,496,10074
ACE,499,66720
ACE,499,59467
ACE,500,29725
ACE,501,29727
ACE,516,56350
ACE,520,47370
ACE,531,63336
ACE,562,29715
ACE,564,48582
ACE,571,63337
ACE,591,10085
ACE,592,67217
ACE,592,60887
ACE,592,65581
ACE,592,46046
ACE,599,10089
ACES,101,68954
ACES,101,68955
ACES,101,68956
ACES,101,72120
ACES,102,71659
ACES,199,10094
ACES,199,62294
ACES,200,40639
ACES,293,10098
ACES,295,11769
ACES,298,10104
ACES,299,10107
ACES,299,29741
ADV,150,61084
ADV,150,61085
ADV,199,45303
ADV,270,71553
ADV,281,61086
ADV,283,70087
ADV,283,62716
ADV,283,64451
ADV,284,62721
ADV,305,69167
ADV,310,57971
ADV,310,71451
ADV,311,66827
ADV,350,57969
ADV,350,57970
ADV,390,61087
ADV,393,61088
ADV,396,68375
ADV,400,10112
ADV,409,64821
ADV,410,29754
ADV,410,51297
ADV,452,53466
ADV,452,53225
ADV,460,62726
ADV,460,61094
ADV,461,71918
ADV,478,61095
ADV,482,66344
ADV,483,29757
ADV,483,51300
ADV,490,70396
ADV,494,29766
ADV,496,64824
ADV,498,62727
ADV,498,64458
ADV,498,64459
ADV,498,64460
ADV,509,64822
ADV,550,29768
ADV,580,57980
ADV,582,46662
ADV,587,29771
ADV,590,10116
ADV,590,71243
ADV,590,70409
ADV,590,56180
ADV,590,70491
ADV,599,10120
AE,100,46515
AE,100,63909
AE,100,46516
AE,199,10004
AE,199,67368
AE,199,71047
AE,202,55736
AE,298,69757
AE,311,29785
AE,312,66643
AE,321,29786
AE,323,66645
AE,352,29788
AE,353,66644
AE,395,10012
AE,396,10015
AE,397,10008
AE,402,29794
AE,412,29800
AE,416,29803
AE,420,36855
AE,420,62978
AE,428,35294
AE,433,29787
AE,442,57765
AE,442,57766
AE,443,72184
AE,451,51603
AE,454,53832
AE,456,62961
AE,460,36450
AE,482,54488
AE,483,57767
AE,485,72131
AE,497,10019
AE,498,72133
AE,521,59321
AE,542,60267
AE,551,68287
AE,556,39797
AE,597,10021
AE,598,72135
AE,598,65309
AE,599,10024
AFAS,111,31226
AFAS,111,31230
AFAS,120,64677
AFAS,221,31236
AFAS,221,50668
AFAS,221,50669
AFAS,331,31241
AFAS,341,31245
AFRO,100,49320
AFRO,100,29810
AFRO,101,36652
AFRO,105,61378
AFRO,201,40371
AFRO,226,57813
AFRO,243,38492
AFRO,259,55609
AFRO,260,46869
AFRO,261,46614
AFRO,276,62740
AFRO,281,70107
AFRO,312,56234
AFRO,378,71544
AFRO,382,57819
AFRO,398,40331
AFRO,411,69260
AFRO,411,60132
AFRO,421,54751
AFRO,421,64991
AFRO,474,56090
AFRO,474,56385
AFRO,481,64106
AFRO,481,63032
AFRO,482,64926
AFRO,482,64928
AFRO,490,57821
AFRO,490,57820
AFRO,498,51974
AFRO,498,51973
AFRO,595,62651
AFST,199,10130
AFST,210,47890
AFST,241,56793
AFST,243,43136
AFST,251,36547
AFST,338,70888
AFST,405,46239
AFST,407,59281
AFST,435,40593
AFST,443,36642
AFST,445,46169
AFST,490,71109
AFST,495,71885
AFST,495,71903
AFST,550,10134
AFST,599,10137
AGCM,110,29760
AGCM,220,38779
AGCM,250,70928
AGCM,270,66884
AGCM,293,10214
AGCM,294,10218
AGCM,295,10224
AGCM,396,10228
AGCM,430,36899
AGED,100,55466
AGED,220,29823
AGED,220,66665
AGED,230,56362
AGED,260,61074
AGED,280,55468
AGED,293,10182
AGED,295,10186
AGED,310,71617
AGED,340,58186
AGED,350,29825
AGED,380,59633
AGED,396,10191
AGED,400,55513
AGED,400,62935
AGED,420,59993
AGED,421,58126
AGED,421,66038
AGED,440,72106
AGED,440,72107
AGED,480,62936
AGED,480,66412
AGED,499,60733
AGED,510,40243
AGED,511,56891
AGED,549,10197
AGED,599,56748
AHS,125,56348
AHS,199,52015
AHS,199,54672
AHS,199,68462
AHS,292,48644
AHS,399,70895
AHS,399,59275
AIS,101,70725
AIS,101,70726
AIS,101,72042
AIS,277,46680
AIS,285,72099
AIS,459,57639
AIS,459,57638
AIS,490,72022
AIS,490,72023
ANSC,100,31300
ANSC,110,29841
ANSC,110,40336
ANSC,199,10232
ANSC,199,29846
ANSC,199,71901
ANSC,206,29863
ANSC,221,55435
ANSC,222,55434
ANSC,250,53235
ANSC,251,70556
ANSC,298,29886
ANSC,305,29860
ANSC,322,59983
ANSC,350,29884
ANSC,398,71307
ANSC,401,29887
ANSC,420,29891
ANSC,422,69960
ANSC,424,70243
ANSC,431,40958
ANSC,440,34101
ANSC,441,37078
ANSC,441,37076
ANSC,452,29889
ANSC,471,61674
ANSC,498,59523
ANSC,499,10254
ANSC,499,70929
ANSC,523,29894
ANSC,524,29895
ANSC,525,71226
ANSC,541,46812
ANSC,590,43999
ANSC,593,10258
ANSC,599,10264
ANTH,101,55549
ANTH,103,29919
ANTH,104,37050
ANTH,105,41785
ANTH,108,38393
ANTH,180,31310
ANTH,199,10268
ANTH,199,70609
ANTH,199,71406
ANTH,210,53616
ANTH,220,31326
ANTH,224,72058
ANTH,230,43137
ANTH,241,39283
ANTH,261,46616
ANTH,268,71439
ANTH,272,71547
ANTH,347,67733
ANTH,372,72157
ANTH,374,70130
ANTH,375,64770
ANTH,390,10274
ANTH,399,10287
ANTH,399,72061
ANTH,399,71445
ANTH,399,61161
ANTH,408,40274
ANTH,408,39296
ANTH,423,51099
ANTH,423,29925
ANTH,438,71463
ANTH,438,71462
ANTH,441,37074
ANTH,441,37073
ANTH,444,10292
ANTH,445,10294
ANTH,449,40279
ANTH,449,39300
ANTH,454,10298
ANTH,455,10301
ANTH,460,46548
ANTH,460,46547
ANTH,488,39306
ANTH,494,69812
ANTH,495,10284
ANTH,496,10304
ANTH,497,10310
ANTH,498,67739
ANTH,499,70458
ANTH,499,71464
ANTH,499,71718
ANTH,589,10319
ANTH,590,10327
ARAB,150,54547
ARAB,409,57111
ARCH,171,70684
ARCH,199,10337
ARCH,210,29940
ARCH,231,29941
ARCH,273,70750
ARCH,321,67819
ARCH,321,67821
ARCH,321,71526
ARCH,400,10340
ARCH,401,10346
ARCH,401,71039
ARCH,401,71046
ARCH,410,29970
ARCH,412,29972
ARCH,417,43713
ARCH,433,71521
ARCH,434,71891
ARCH,451,29984
ARCH,521,71770
ARCH,536,67824
ARCH,537,71524
ARCH,544,30012
ARCH,550,69530
ARCH,551,30918
ARCH,554,64671
ARCH,555,30024
ARCH,559,39906
ARCH,577,55619
ARCH,590,57149
ARCH,597,41799
ARCH,598,67454
ARCH,599,10349
ART,140,36924
ART,199,10355
ART,310,64968
ARTD,225,30063
ARTD,230,62368
ARTD,328,51747
ARTD,391,10375
ARTD,399,62546
ARTD,426,63745
ARTD,490,10374
ARTD,591,10376
ARTD,599,10386
ARTE,202,47898
ARTE,203,30093
ARTE,302,30101
ARTE,391,10367
ARTE,475,61370
ARTE,475,61368
ARTE,490,10365
ARTE,591,10370
ARTE,599,10372
ARTF,101,31200
ARTF,199,10377
ARTH,110,69999
ARTH,211,66185
ARTH,217,72053
ARTH,242,70039
ARTH,250,49017
ARTH,342,66630
ARTH,360,61259
ARTH,391,10382
ARTH,402,43952
ARTH,402,43878
ARTH,440,43717
ARTH,440,43882
ARTH,489,10379
ARTH,490,10381
ARTH,491,10383
ARTH,591,10384
ARTH,599,10385
ARTS,391,10362
ARTS,490,10360
ARTS,591,10363
ARTS,593,10378
ARTS,595,10364
ARTS,595,30216
ASRM,199,70596
ASRM,199,70598
ASRM,210,69931
ASRM,390,70903
ASRM,392,70483
ASRM,392,70484
ASRM,392,70485
ASRM,402,70511
ASRM,406,69943
ASRM,410,69947
ASRM,410,72178
ASRM,450,70516
ASRM,450,70517
ASRM,450,70518
ASRM,450,70519
ASRM,450,70520
ASRM,450,70521
ASRM,450,70522
ASRM,450,70523
ASRM,451,70524
ASRM,451,70526
ASRM,451,70527
ASRM,451,70529
ASRM,461,69950
ASRM,471,69949
ASRM,499,71347
ASRM,499,71729
ASRM,510,69944
ASRM,533,71728
ASRM,551,70736
ASRM,561,71348
ASRM,569,69945
ASRM,598,70925
ASST,104,38455
ASST,199,10388
ASST,390,10390
ASST,590,10392
ASTR,100,41827
ASTR,121,37107
ASTR,122,39752
ASTR,150,53598
ASTR,199,10395
ASTR,199,55223
ASTR,210,30268
ASTR,350,30269
ASTR,390,10396
ASTR,404,39758
ASTR,406,43268
ASTR,490,65690
ASTR,502,39759
ASTR,510,71805
ASTR,540,53893
ASTR,590,10399
ASTR,596,58292
ASTR,599,10387
ATMS,100,37004
ATMS,120,31291
ATMS,120,31292
ATMS,120,52474
ATMS,120,52475
ATMS,140,55849
ATMS,201,54034
ATMS,301,49526
ATMS,302,49527
ATMS,303,49528
ATMS,406,49531
ATMS,410,39848
ATMS,421,37116
ATMS,425,60210
ATMS,490,10391
ATMS,490,71229
ATMS,491,61123
ATMS,491,71593
ATMS,500,40175
ATMS,504,49578
ATMS,512,49537
ATMS,571,30247
ATMS,590,10393
ATMS,590,71260
ATMS,599,10394
BADM,199,10398
BADM,199,60187
BADM,199,57311
BADM,199,51271
BADM,210,69973
BADM,210,69974
BADM,210,71353
BADM,211,71365
BADM,261,59910
BADM,275,71363
BADM,300,62982
BADM,300,62983
BADM,300,62984
BADM,300,62985
BADM,303,61669
BADM,310,29649
BADM,311,51889
BADM,311,31432
BADM,312,44050
BADM,312,31435
BADM,313,29659
BADM,314,66083
BADM,320,31412
BADM,320,31415
BADM,321,29650
BADM,322,31426
BADM,322,31427
BADM,322,31429
BADM,323,31436
BADM,323,31437
BADM,324,39273
BADM,325,31439
BADM,325,31440
BADM,326,69918
BADM,327,51983
BADM,329,58589
BADM,330,70376
BADM,335,58279
BADM,336,50435
BADM,336,71358
BADM,338,71367
BADM,340,58771
BADM,340,65067
BADM,350,40399
BADM,350,51272
BADM,350,52248
BADM,350,61619
BADM,350,65592
BADM,350,69984
BADM,351,54412
BADM,352,69992
BADM,352,37946
BADM,352,68118
BADM,353,37933
BADM,353,37935
BADM,356,70115
BADM,365,37808
BADM,367,37805
BADM,374,37791
BADM,374,37787
BADM,374,37790
BADM,375,29656
BADM,375,51273
BADM,375,56086
BADM,375,64619
BADM,377,56087
BADM,378,59775
BADM,378,69975
BADM,380,29664
BADM,380,64456
BADM,380,66141
BADM,381,46659
BADM,382,29661
BADM,394,10400
BADM,395,10401
BADM,395,44029
BADM,395,52885
BADM,395,31423
BADM,395,48063
BADM,395,50215
BADM,403,67735
BADM,420,50020
BADM,436,70074
BADM,445,29658
BADM,446,59860
BADM,449,37793
BADM,449,37796
BADM,449,37797
BADM,449,37800
BADM,449,37884
BADM,449,37885
BADM,449,37887
BADM,449,37888
BADM,449,37889
BADM,449,37890
BADM,453,40400
BADM,458,52124
BADM,460,37802
BADM,502,69935
BADM,503,29816
BADM,504,50075
BADM,508,48199
BADM,508,50077
BADM,508,57913
BADM,509,37891
BADM,509,37894
BADM,509,37892
BADM,512,33198
BADM,513,69936
BADM,514,48200
BADM,514,57918
BADM,519,56085
BADM,520,31447
BADM,520,57919
BADM,520,31448
BADM,525,48198
BADM,525,57920
BADM,528,54362
BADM,535,69934
BADM,540,67704
BADM,540,67705
BADM,541,71366
BADM,544,46450
BADM,545,40406
BADM,549,66689
BADM,554,68315
BADM,559,52125
BADM,562,67696
BADM,566,45322
BADM,566,62289
BADM,567,54601
BADM,567,57921
BADM,567,61656
BADM,567,62148
BADM,569,71379
BADM,572,56398
BADM,576,70116
BADM,582,29718
BADM,583,56098
BADM,586,58582
BADM,588,70374
BADM,588,70375
BADM,590,10402
BADM,590,37902
BADM,590,59070
BADM,590,46452
BADM,590,37912
BADM,590,37914
BADM,590,38751
BADM,590,54729
BADM,591,57861
BADM,591,57857
BADM,591,57858
BADM,591,57860
BADM,591,57862
BADM,591,13010
BADM,593,10404
BADM,593,50489
BADM,594,10405
BADM,595,56572
BADM,599,10406
BASQ,402,68403
BCOG,100,71422
BCOG,458,72234
BCS,101,62967
BCS,201,62964
BIOC,199,10408
BIOC,290,59028
BIOC,440,50307
BIOC,440,50308
BIOC,460,49476
BIOC,492,10409
BIOC,590,10410
BIOC,590,70899
BIOC,595,29719
BIOC,599,10411
BIOC,599,71884
BIOE,100,70346
BIOE,120,45137
BIOE,199,63911
BIOE,200,69257
BIOE,201,48270
BIOE,202,49686
BIOE,206,58750
BIOE,220,66320
BIOE,297,47929
BIOE,298,65183
BIOE,302,66323
BIOE,303,66919
BIOE,380,64641
BIOE,397,10412
BIOE,414,40017
BIOE,415,43870
BIOE,430,66328
BIOE,435,58426
BIOE,461,54103
BIOE,476,61460
BIOE,480,45267
BIOE,480,70236
BIOE,482,54424
BIOE,482,60171
BIOE,497,47930
BIOE,498,70416
BIOE,498,70240
BIOE,498,63184
BIOE,500,47917
BIOE,501,47919
BIOE,502,67463
BIOE,504,51466
BIOE,505,54270
BIOE,540,70407
BIOE,570,64761
BIOE,571,64757
BIOE,573,64758
BIOE,575,71511
BIOE,597,10413
BIOE,598,70417
BIOE,598,70280
BIOE,598,60215
BIOE,598,63185
BIOE,599,69523
BIOL,599,10414
BIOP,432,49924
BIOP,581,48389
BIOP,582,48467
BIOP,583,48468
BIOP,586,10416
BIOP,590,47358
BIOP,595,31466
BIOP,599,10418
BSE,631,71761
BSE,632,71762
BSE,633,71763
BSE,639,71768
BSE,640,71764
BSE,641,71765
BSE,642,71766
BSE,643,71767
BTW,250,37980
BTW,250,37987
BTW,250,46794
BTW,250,37989
BTW,250,37990
BTW,250,43028
BTW,250,38006
BTW,250,37991
BTW,250,37992
BTW,250,46795
BTW,250,38004
BTW,250,37997
BTW,250,37998
BTW,250,38005
BTW,250,37999
BTW,250,38003
BTW,250,37983
BTW,250,65449
BTW,250,38002
BTW,250,38001
BTW,250,37993
BTW,250,43030
BTW,250,37994
BTW,250,59592
BTW,250,59591
BTW,250,38007
BTW,250,38008
BTW,250,58819
BTW,250,38009
BTW,250,38010
BTW,250,48194
BTW,250,43029
BTW,250,65448
BTW,250,37988
BTW,250,37995
BTW,250,37996
BTW,250,38000
BTW,261,31438
BTW,261,31446
BTW,261,31444
BTW,261,31441
BTW,263,70670
BTW,271,38012
BTW,290,10407
BTW,402,34486
BTW,402,34484
BUS,101,69908
BUS,101,69909
BUS,101,51438
BUS,101,51443
BUS,101,51444
BUS,101,51445
BUS,101,51442
BUS,101,51440
BUS,101,51462
BUS,101,51463
BUS,101,51441
BUS,101,58868
BUS,101,60217
BUS,101,51437
BUS,101,65615
BUS,101,51446
BUS,101,67126
BUS,101,67129
BUS,101,67131
BUS,101,67132
BUS,101,67133
BUS,101,67134
BUS,101,59025
BUS,101,51460
BUS,101,51447
BUS,101,51449
BUS,101,51452
BUS,101,51454
BUS,101,51457
BUS,101,51461
BUS,101,51464
BUS,101,67135
BUS,101,67136
BUS,101,51450
BUS,101,58869
BUS,101,51465
BUS,120,51534
BUS,199,58275
BUS,199,54418
BUS,201,71327
BUS,201,71335
BUS,201,71336
BUS,201,71337
BUS,201,71338
BUS,201,71339
BUS,399,29739
CB,290,63550
CB,449,58192
CB,551,58083
CB,590,58219
CB,592,58220
CB,599,58221
CB,692,58222
CDB,590,47274
CDB,599,47275
CEE,195,29692
CEE,195,69590
CEE,201,29694
CEE,201,71283
CEE,202,29696
CEE,300,34959
CEE,310,29699
CEE,320,29701
CEE,330,29702
CEE,340,64871
CEE,350,29704
CEE,360,29706
CEE,380,42446
CEE,398,61260
CEE,401,29721
CEE,406,29731
CEE,406,40934
CEE,406,69104
CEE,408,53742
CEE,408,54539
CEE,409,53743
CEE,409,54557
CEE,412,71926
CEE,412,71927
CEE,416,29733
CEE,416,40935
CEE,417,66565
CEE,421,29738
CEE,421,40937
CEE,421,69116
CEE,422,29740
CEE,422,40938
CEE,432,67088
CEE,432,67089
CEE,434,29744
CEE,437,29749
CEE,442,29746
CEE,443,29750
CEE,444,69981
CEE,445,60203
CEE,450,29758
CEE,451,29761
CEE,457,43780
CEE,460,29767
CEE,461,29770
CEE,463,29773
CEE,463,62974
CEE,465,29775
CEE,470,69121
CEE,470,29778
CEE,471,29780
CEE,471,40940
CEE,472,29782
CEE,472,47439
CEE,483,31547
CEE,491,66350
CEE,491,67047
CEE,493,66346
CEE,493,69434
CEE,495,29793
CEE,497,10474
CEE,498,47398
CEE,498,41720
CEE,498,58133
CEE,498,58134
CEE,498,31548
CEE,508,29801
CEE,512,61261
CEE,524,53737
CEE,540,29811
CEE,560,71941
CEE,574,49272
CEE,575,59320
CEE,576,53805
CEE,581,29681
CEE,588,71945
CEE,590,64874
CEE,595,36094
CEE,595,60690
CEE,595,36096
CEE,595,36097
CEE,595,36098
CEE,595,36095
CEE,595,59081
CEE,595,36099
CEE,597,10476
CEE,598,31554
CEE,598,45663
CEE,599,10478
CHBE,199,10480
CHBE,221,31555
CHBE,221,64581
CHBE,297,50951
CHBE,321,62801
CHBE,397,39580
CHBE,421,31577
CHBE,422,64588
CHBE,424,62800
CHBE,430,31604
CHBE,431,29900
CHBE,440,36100
CHBE,457,29903
CHBE,471,41112
CHBE,473,29901
CHBE,476,61156
CHBE,494,71540
CHBE,494,71534
CHBE,494,49468
CHBE,497,39629
CHBE,499,10482
CHBE,521,29905
CHBE,522,71537
CHBE,525,69430
CHBE,551,61162
CHBE,565,29904
CHBE,593,10484
CHBE,594,31572
CHBE,594,71538
CHBE,594,71535
CHBE,594,71536
CHBE,594,31570
CHBE,597,10498
CHBE,598,10501
CHBE,599,10503
CHEM,101,36151
CHEM,101,41897
CHEM,101,67309
CHEM,101,50683
CHEM,102,36203
CHEM,102,36109
CHEM,102,36148
CHEM,102,48904
CHEM,102,47349
CHEM,102,47359
CHEM,102,58208
CHEM,103,70442
CHEM,104,36274
CHEM,104,36355
CHEM,105,70437
CHEM,197,54512
CHEM,199,10505
CHEM,199,70559
CHEM,199,70337
CHEM,202,36229
CHEM,203,36265
CHEM,203,38842
CHEM,222,29906
CHEM,232,67991
CHEM,232,67992
CHEM,232,66361
CHEM,233,36313
CHEM,233,36315
CHEM,236,36332
CHEM,237,51012
CHEM,237,36374
CHEM,297,54513
CHEM,312,29907
CHEM,332,29909
CHEM,397,54514
CHEM,420,29908
CHEM,440,31624
CHEM,440,31626
CHEM,442,31628
CHEM,442,62728
CHEM,444,29917
CHEM,480,38340
CHEM,480,61142
CHEM,488,47808
CHEM,488,47810
CHEM,492,63427
CHEM,494,71920
CHEM,497,54515
CHEM,499,10508
CHEM,512,29928
CHEM,515,29931
CHEM,518,57599
CHEM,518,57600
CHEM,520,29935
CHEM,525,29939
CHEM,532,29946
CHEM,534,42841
CHEM,535,29949
CHEM,538,49328
CHEM,538,49329
CHEM,540,29918
CHEM,544,29953
CHEM,545,29955
CHEM,570,60383
CHEM,575,29957
CHEM,584,46582
CHEM,585,43843
CHEM,590,10512
CHEM,592,64937
CHEM,599,10514
CHIN,201,31582
CHIN,201,54732
CHIN,201,42602
CHIN,201,45861
CHIN,202,50541
CHIN,203,31585
CHIN,203,50724
CHIN,203,31586
CHIN,204,57342
CHIN,241,31589
CHIN,241,31587
CHIN,305,48010
CHIN,305,29973
CHIN,407,29977
CHIN,407,42883
CHIN,440,29979
CHIN,440,42884
CHIN,490,10517
CHLH,100,33601
CHLH,101,33648
CHLH,101,33652
CHLH,101,66910
CHLH,125,59577
CHLH,199,10519
CHLH,199,31590
CHLH,199,65888
CHLH,200,29988
CHLH,201,68861
CHLH,206,33686
CHLH,206,33723
CHLH,210,29992
CHLH,243,33729
CHLH,243,33730
CHLH,244,38821
CHLH,250,29994
CHLH,260,38826
CHLH,260,64915
CHLH,274,29997
CHLH,304,31598
CHLH,330,38406
CHLH,380,47340
CHLH,390,51918
CHLH,393,10521
CHLH,404,58803
CHLH,404,58804
CHLH,410,30000
CHLH,410,59825
CHLH,415,62033
CHLH,415,62031
CHLH,421,40991
CHLH,421,30003
CHLH,429,30007
CHLH,448,45430
CHLH,448,45432
CHLH,455,30011
CHLH,456,35557
CHLH,456,35550
CHLH,457,33625
CHLH,458,30015
CHLH,465,58223
CHLH,465,58248
CHLH,470,72026
CHLH,470,72027
CHLH,473,66531
CHLH,473,66532
CHLH,494,68423
CHLH,494,68424
CHLH,494,66711
CHLH,494,66710
CHLH,494,72048
CHLH,494,72049
CHLH,517,53908
CHLH,540,59884
CHLH,565,56621
CHLH,572,72038
CHLH,575,59589
CHLH,579,69900
CHLH,587,61099
CHLH,589,60250
CHLH,593,10523
CHLH,594,65721
CHLH,594,70909
CHLH,599,10525
CI,199,10437
CI,210,66096
CI,395,10440
CI,402,47383
CI,402,47385
CI,402,47386
CI,402,45188
CI,403,35708
CI,403,35712
CI,403,35724
CI,403,38747
CI,403,36449
CI,405,31474
CI,405,31476
CI,406,31478
CI,406,31481
CI,406,31482
CI,410,66095
CI,415,61063
CI,415,51148
CI,422,41202
CI,430,51091
CI,430,51241
CI,430,51242
CI,433,64952
CI,446,52613
CI,446,52614
CI,450,31458
CI,450,31459
CI,450,64404
CI,452,67691
CI,452,67692
CI,452,67693
CI,465,69957
CI,467,31470
CI,467,31477
CI,467,55488
CI,467,31473
CI,471,43075
CI,471,68456
CI,476,66084
CI,476,66085
CI,476,66086
CI,476,67695
CI,482,69959
CI,482,69958
CI,485,67689
CI,485,65577
CI,507,31495
CI,508,67703
CI,522,43182
CI,550,35738
CI,555,70821
CI,562,41105
CI,563,35706
CI,567,51011
CI,569,39529
CI,578,53602
CI,584,35656
CI,590,66093
CI,591,10450
CI,595,10443
CI,599,10452
CLCV,111,30033
CLCV,114,30039
CLCV,115,33806
CLCV,120,50102
CLCV,120,71925
CLCV,131,30042
CLCV,160,33452
CLCV,199,10535
CLCV,203,61804
CLCV,220,71052
CLCV,221,33455
CLCV,224,70306
CLCV,231,72043
CLCV,240,33544
CLCV,410,63465
CLCV,492,10542
CLCV,493,64691
CLCV,493,71103
CLE,621,70591
CLE,621,72119
CMN,101,59583
CMN,101,53341
CMN,101,53308
CMN,101,53309
CMN,101,53310
CMN,101,53312
CMN,101,59502
CMN,101,53311
CMN,101,53348
CMN,101,53314
CMN,101,53316
CMN,101,53317
CMN,101,59503
CMN,101,53320
CMN,101,53321
CMN,101,53323
CMN,101,53325
CMN,101,53326
CMN,101,53328
CMN,101,53338
CMN,101,53339
CMN,101,53343
CMN,101,53342
CMN,101,53344
CMN,101,53345
CMN,101,53346
CMN,101,53347
CMN,101,63895
CMN,101,53305
CMN,101,59508
CMN,101,59582
CMN,101,59504
CMN,101,59510
CMN,101,53351
CMN,101,53352
CMN,101,53353
CMN,101,53354
CMN,101,53329
CMN,101,59506
CMN,101,59509
CMN,101,60331
CMN,101,53356
CMN,101,53357
CMN,101,53360
CMN,101,53358
CMN,101,53359
CMN,101,53365
CMN,101,53367
CMN,101,53368
CMN,101,53370
CMN,101,53371
CMN,101,53306
CMN,101,59511
CMN,101,53372
CMN,101,53373
CMN,101,53307
CMN,101,53349
CMN,101,53374
CMN,101,53377
CMN,101,53376
CMN,101,53375
CMN,101,53378
CMN,102,53390
CMN,111,53405
CMN,111,53407
CMN,111,53409
CMN,111,53410
CMN,111,53412
CMN,111,53413
CMN,111,53414
CMN,111,53417
CMN,111,53418
CMN,111,53419
CMN,111,53420
CMN,111,53422
CMN,111,53423
CMN,111,53427
CMN,111,53428
CMN,111,53431
CMN,111,53430
CMN,111,53432
CMN,111,53434
CMN,199,53583
CMN,204,53445
CMN,211,53451
CMN,211,53452
CMN,211,61258
CMN,212,53455
CMN,212,53454
CMN,212,67902
CMN,212,53456
CMN,213,67873
CMN,213,67874
CMN,215,70044
CMN,215,72052
CMN,220,53458
CMN,220,53459
CMN,230,53467
CMN,232,53464
CMN,232,61114
CMN,232,70057
CMN,250,70359
CMN,250,71911
CMN,250,71913
CMN,260,61727
CMN,260,53992
CMN,260,64495
CMN,260,53993
CMN,275,57795
CMN,275,57796
CMN,277,53476
CMN,280,53991
CMN,304,56614
CMN,310,55625
CMN,312,71387
CMN,321,53485
CMN,323,53495
CMN,323,53496
CMN,323,53494
CMN,323,53493
CMN,336,65091
CMN,336,65092
CMN,340,61773
CMN,340,65085
CMN,345,67165
CMN,361,61374
CMN,368,56053
CMN,370,66171
CMN,370,71398
CMN,377,64499
CMN,377,71420
CMN,377,64500
CMN,390,53584
CMN,396,66408
CMN,396,65641
CMN,396,53999
CMN,396,53505
CMN,396,53503
CMN,396,66367
CMN,396,53506
CMN,412,55627
CMN,412,55628
CMN,429,53528
CMN,429,53527
CMN,462,54004
CMN,462,54003
CMN,463,55636
CMN,463,55634
CMN,464,55638
CMN,464,55637
CMN,465,55668
CMN,465,55639
CMN,476,64840
CMN,476,64839
CMN,491,53585
CMN,493,53586
CMN,496,53554
CMN,496,53548
CMN,529,53576
CMN,529,53577
CMN,529,53578
CMN,538,57571
CMN,538,71421
CMN,550,63275
CMN,574,54291
CMN,595,53587
CMN,599,53588
CPSC,102,70585
CPSC,112,31645
CPSC,113,55640
CPSC,226,33543
CPSC,270,33476
CPSC,382,57822
CPSC,414,57596
CPSC,419,58725
CPSC,433,37667
CPSC,440,33573
CPSC,448,37456
CPSC,448,37455
CPSC,452,30076
CPSC,489,49925
CPSC,541,46809
CPSC,593,10567
CS,100,30094
CS,101,35879
CS,105,35823
CS,107,71813
CS,125,35876
CS,126,66322
CS,173,30102
CS,173,40083
CS,173,71734
CS,196,31508
CS,196,58187
CS,199,55186
CS,210,31517
CS,210,31516
CS,225,35917
CS,225,35919
CS,233,63733
CS,233,64513
CS,241,45300
CS,241,66268
CS,242,45325
CS,242,67015
CS,242,70784
CS,296,31518
CS,296,62763
CS,296,57758
CS,357,53280
CS,357,63536
CS,361,66298
CS,374,66445
CS,374,70641
CS,397,10464
CS,411,30109
CS,411,40086
CS,412,43357
CS,412,43358
CS,413,33540
CS,413,39196
CS,418,36119
CS,418,36121
CS,420,53685
CS,420,53686
CS,421,30128
CS,421,40087
CS,424,51775
CS,424,51776
CS,425,36091
CS,425,57769
CS,425,72128
CS,425,48734
CS,425,69747
CS,425,72129
CS,426,43355
CS,426,43356
CS,427,36104
CS,427,36107
CS,433,36069
CS,433,43363
CS,438,36061
CS,438,57772
CS,440,67003
CS,440,67004
CS,445,65086
CS,445,65087
CS,446,46792
CS,446,46793
CS,447,63292
CS,447,63293
CS,450,36016
CS,450,36020
CS,461,49547
CS,461,72159
CS,465,43389
CS,465,72163
CS,466,51764
CS,466,51765
CS,473,70159
CS,473,72165
CS,483,67070
CS,484,67875
CS,484,67876
CS,491,54321
CS,493,67877
CS,494,67878
CS,497,69124
CS,498,71075
CS,498,70185
CS,498,43753
CS,498,66333
CS,498,66399
CS,498,72154
CS,498,72155
CS,498,72152
CS,498,72153
CS,498,71965
CS,498,71966
CS,498,40091
CS,498,40092
CS,498,67900
CS,498,67901
CS,499,10465
CS,510,67827
CS,523,59677
CS,536,54666
CS,541,35921
CS,547,72236
CS,554,57701
CS,563,54597
CS,571,33563
CS,576,71847
CS,581,70702
CS,591,35941
CS,591,35943
CS,591,46417
CS,591,35974
CS,591,43828
CS,591,35957
CS,591,41977
CS,591,41614
CS,591,49716
CS,591,35986
CS,597,10467
CS,598,64616
CS,598,70203
CS,598,67238
CS,598,72122
CS,598,72098
CS,598,72124
CS,598,72123
CS,598,72110
CS,598,72121
CS,598,65089
CS,598,64618
CS,598,36002
CS,598,42378
CS,598,59671
CS,598,72082
CS,598,72109
CS,598,46989
CS,598,63395
CS,598,70200
CS,598,66867
CS,598,46042
CS,598,70199
CS,599,10469
CSE,401,36034
CSE,401,36032
CSE,402,53687
CSE,402,53688
CSE,408,67071
CSE,414,70170
CSE,414,72228
CSE,422,36083
CSE,422,43364
CSE,426,36110
CSE,426,36112
CSE,427,36122
CSE,427,36124
CSE,428,66539
CSE,428,66541
CSE,428,70217
CSE,428,70219
CSE,440,65101
CSE,440,65102
CSE,440,65103
CSE,440,65104
CSE,448,65107
CSE,448,70251
CSE,448,65108
CSE,448,70254
CSE,450,35031
CSE,450,41371
CSE,451,36852
CSE,451,62979
CSE,485,64703
CSE,485,64706
CSE,512,57702
CSE,542,65112
CSE,552,56788
CSE,560,72240
CW,100,67101
CW,100,63285
CW,100,71425
CW,104,45273
CW,104,45268
CW,104,45271
CW,104,47655
CW,104,45269
CW,106,50343
CW,106,45276
CW,106,45277
CW,106,45274
CW,200,61647
CW,202,51768
CW,204,45280
CW,204,45279
CW,204,57710
CW,206,54259
CW,208,45282
CW,243,61787
CW,404,45284
CW,404,45283
CW,404,45286
CW,404,45285
CW,406,45288
CW,406,45287
CW,455,45349
CW,460,60208
CW,463,66357
CW,463,66356
CW,500,45291
CW,502,45292
CW,504,45293
CW,506,45294
CW,591,45977
CW,595,58603
CWL,111,38403
CWL,114,66286
CWL,117,35652
CWL,119,65041
CWL,151,64970
CWL,189,35845
CWL,191,10453
CWL,199,10454
CWL,201,30154
CWL,205,71396
CWL,209,71351
CWL,210,47895
CWL,220,71053
CWL,221,35638
CWL,227,41089
CWL,240,53945
CWL,241,30159
CWL,251,58534
CWL,252,48306
CWL,253,33891
CWL,255,33894
CWL,257,39525
CWL,259,55610
CWL,260,46870
CWL,262,33549
CWL,263,33458
CWL,269,43572
CWL,272,49507
CWL,275,47210
CWL,321,52113
CWL,376,66775
CWL,395,51304
CWL,412,33597
CWL,412,33719
CWL,454,71497
CWL,454,71498
CWL,461,67032
CWL,461,65537
CWL,466,71516
CWL,466,71518
CWL,493,30163
CWL,496,10458
CWL,501,64633
CWL,503,43344
CWL,562,49581
CWL,581,71954
CWL,593,10460
CWL,599,10462
CZCH,101,43842
CZCH,199,10577
CZCH,484,49159
DANC,150,29774
DANC,220,67325
DANC,220,67601
DANC,221,67324
DANC,222,67312
DANC,223,64318
DANC,240,57762
DANC,420,67602
DANC,421,67322
DANC,422,67313
DANC,423,67321
DANC,451,10585
DANC,451,16386
DANC,451,39482
DANC,455,54318
DANC,455,67828
DANC,495,29815
DANC,510,44202
DANC,531,62525
EALC,120,34326
EALC,122,38401
EALC,132,41086
EALC,199,10596
EALC,240,71349
EALC,250,29830
EALC,275,47209
EALC,390,10597
EALC,398,66267
EALC,398,71651
EALC,398,66526
EALC,398,69197
EALC,398,42888
EALC,402,43955
EALC,402,43954
EALC,412,42887
EALC,412,44259
EALC,421,34220
EALC,421,34251
EALC,421,34216
EALC,430,45217
EALC,430,42889
EALC,490,10599
EALC,500,29833
EALC,550,71652
EALC,550,71691
EALC,550,71374
EALC,550,67432
EALC,550,68275
EALC,550,69952
EALC,560,29834
EALC,584,35662
EALC,588,61200
EALC,588,35544
EALC,590,10003
EALC,599,10007
ECE,110,55568
ECE,110,36790
ECE,110,36789
ECE,110,62844
ECE,110,71284
ECE,110,71285
ECE,120,64595
ECE,120,65733
ECE,120,65734
ECE,120,66372
ECE,200,29836
ECE,205,60609
ECE,210,36696
ECE,210,36702
ECE,210,36706
ECE,210,57718
ECE,211,31722
ECE,211,31723
ECE,211,31725
ECE,211,57719
ECE,220,64600
ECE,220,66373
ECE,220,66374
ECE,220,66529
ECE,220,69593
ECE,220,71286
ECE,297,52241
ECE,304,59854
ECE,310,70543
ECE,310,70430
ECE,310,58210
ECE,310,58213
ECE,316,36862
ECE,316,36869
ECE,333,54415
ECE,342,58228
ECE,342,62848
ECE,365,72112
ECE,365,72113
ECE,374,66542
ECE,374,72200
ECE,374,70642
ECE,374,72199
ECE,380,64640
ECE,385,36720
ECE,391,47765
ECE,391,70440
ECE,396,10013
ECE,397,10010
ECE,408,67069
ECE,414,63208
ECE,415,63209
ECE,417,68112
ECE,420,31840
ECE,422,49549
ECE,422,72176
ECE,425,36897
ECE,428,36102
ECE,428,57771
ECE,428,72170
ECE,428,69762
ECE,428,69764
ECE,428,72175
ECE,437,49831
ECE,438,36066
ECE,438,57774
ECE,446,66837
ECE,447,66377
ECE,448,67006
ECE,448,67010
ECE,453,39243
ECE,456,61793
ECE,459,29959
ECE,463,70234
ECE,465,45178
ECE,469,31893
ECE,470,36956
ECE,480,45265
ECE,480,70235
ECE,488,66375
ECE,491,36027
ECE,491,36036
ECE,492,53689
ECE,492,53690
ECE,496,58246
ECE,498,72067
ECE,498,72068
ECE,498,72069
ECE,498,72087
ECE,498,72070
ECE,499,10018
ECE,500,29981
ECE,500,41517
ECE,518,69474
ECE,524,54598
ECE,530,50992
ECE,537,29993
ECE,540,39251
ECE,541,35928
ECE,542,49836
ECE,544,49835
ECE,562,52327
ECE,564,66458
ECE,566,68111
ECE,574,59664
ECE,590,36950
ECE,590,36955
ECE,590,36953
ECE,590,70677
ECE,590,36957
ECE,590,71131
ECE,596,10020
ECE,597,10023
ECE,598,72080
ECE,598,70563
ECE,598,72081
ECE,599,10025
ECE,599,72241
ECON,102,46770
ECON,102,36218
ECON,102,36383
ECON,102,63021
ECON,102,60804
ECON,103,37772
ECON,199,71991
ECON,199,69201
ECON,202,37849
ECON,202,37859
ECON,203,64678
ECON,203,37869
ECON,210,61564
ECON,302,59661
ECON,302,37918
ECON,302,57863
ECON,303,64271
ECON,303,66603
ECON,399,10031
ECON,402,70477
ECON,411,66666
ECON,411,66719
ECON,414,36347
ECON,414,36352
ECON,415,70758
ECON,415,70759
ECON,420,31786
ECON,425,70552
ECON,425,70553
ECON,426,70775
ECON,426,70776
ECON,426,70777
ECON,437,70772
ECON,437,70774
ECON,440,66601
ECON,440,36314
ECON,442,70549
ECON,442,70550
ECON,447,70768
ECON,447,70769
ECON,448,70770
ECON,448,70771
ECON,450,61807
ECON,450,66753
ECON,451,70187
ECON,451,70551
ECON,471,66620
ECON,471,63384
ECON,471,66623
ECON,471,66588
ECON,475,70826
ECON,475,70965
ECON,484,66593
ECON,484,66860
ECON,490,69169
ECON,490,66591
ECON,490,63647
ECON,490,66872
ECON,490,59656
ECON,490,59696
ECON,490,60161
ECON,490,66611
ECON,490,63643
ECON,490,60330
ECON,490,66602
ECON,490,66576
ECON,490,59653
ECON,490,68429
ECON,490,66875
ECON,490,65815
ECON,504,70095
ECON,505,64712
ECON,513,64714
ECON,516,56349
ECON,541,36291
ECON,542,33164
ECON,543,33185
ECON,549,68939
ECON,550,71449
ECON,551,66634
ECON,555,66626
ECON,575,66641
ECON,585,71450
ECON,590,66638
ECON,590,66599
ECON,590,72130
ECON,590,72192
ECON,590,72191
ECON,590,64724
ECON,590,31800
ECON,590,69032
ECON,590,64726
ECON,590,64727
ECON,590,64725
EDPR,199,10042
EDPR,438,42420
EDPR,442,42421
EDUC,101,45811
EDUC,101,45812
EDUC,102,54753
EDUC,201,64440
EDUC,202,68059
EIL,199,10587
EIL,411,30104
EIL,411,40300
EIL,422,62713
EIL,422,62712
EIL,456,40312
EIL,456,30108
EIL,460,33692
EIL,460,40333
EIL,488,33665
EIL,488,33447
EIL,512,63467
EIL,587,40334
EIL,587,42504
EIL,591,10588
EIL,591,71292
ENG,100,34132
ENG,100,61442
ENG,100,34117
ENG,100,34119
ENG,100,34121
ENG,100,34124
ENG,100,34127
ENG,100,60379
ENG,100,70907
ENG,100,40911
ENG,100,48163
ENG,100,57828
ENG,100,66922
ENG,100,34137
ENG,100,34141
ENG,100,34143
ENG,100,34147
ENG,100,34149
ENG,100,34153
ENG,100,34227
ENG,100,49978
ENG,100,49982
ENG,100,49984
ENG,100,49985
ENG,100,49986
ENG,100,50801
ENG,100,56778
ENG,100,34155
ENG,100,34158
ENG,100,34161
ENG,100,34164
ENG,100,34169
ENG,100,34175
ENG,100,34212
ENG,100,56704
ENG,100,57833
ENG,100,34183
ENG,100,34185
ENG,100,34188
ENG,100,34190
ENG,100,34192
ENG,100,34194
ENG,100,34196
ENG,100,34199
ENG,100,34203
ENG,100,34207
ENG,100,34172
ENG,100,48168
ENG,100,34177
ENG,100,57841
ENG,100,57842
ENG,100,57844
ENG,100,57846
ENG,100,57848
ENG,100,34224
ENG,100,45822
ENG,100,59053
ENG,100,34241
ENG,100,34239
ENG,100,56582
ENG,100,56583
ENG,100,56587
ENG,100,34242
ENG,100,34244
ENG,100,34245
ENG,100,34247
ENG,100,34248
ENG,100,34250
ENG,100,40069
ENG,100,34254
ENG,100,40068
ENG,100,45823
ENG,100,34256
ENG,100,34258
ENG,100,40070
ENG,100,40071
ENG,100,34259
ENG,100,34215
ENG,100,69399
ENG,100,69400
ENG,100,69402
ENG,100,69403
ENG,100,69404
ENG,100,69405
ENG,100,69406
ENG,100,69407
ENG,100,69408
ENG,100,69409
ENG,100,69410
ENG,100,69411
ENG,100,69412
ENG,100,34252
ENG,100,34228
ENG,100,34230
ENG,100,34232
ENG,100,34238
ENG,100,61446
ENG,100,61447
ENG,100,61448
ENG,100,61449
ENG,101,56407
ENG,101,68381
ENG,101,58937
ENG,110,72083
ENG,177,71602
ENG,177,71581
ENG,177,71607
ENG,177,71578
ENG,177,71579
ENG,177,71588
ENG,177,71585
ENG,177,71584
ENG,177,71595
ENG,177,71613
ENG,177,71614
ENG,177,71609
ENG,177,71610
ENG,177,71612
ENG,177,71608
ENG,177,71616
ENG,198,54771
ENG,198,69394
ENG,198,72126
ENG,199,69478
ENG,199,71998
ENG,199,50388
ENG,199,34391
ENG,199,48871
ENG,199,69585
ENG,199,69477
ENG,199,69814
ENG,199,66913
ENG,199,50330
ENG,261,59962
ENG,298,72219
ENG,298,56212
ENG,298,60877
ENG,298,69674
ENG,299,30129
ENG,440,69184
ENG,471,61836
ENG,471,62948
ENG,491,41009
ENG,491,67346
ENG,498,70733
ENG,498,71294
ENG,591,71730
ENG,591,68241
ENG,591,71692
ENG,598,68907
ENG,598,69679
ENGH,397,59443
ENGL,102,32287
ENGL,103,32288
ENGL,104,33780
ENGL,104,33797
ENGL,104,43290
ENGL,104,54913
ENGL,104,33810
ENGL,104,45618
ENGL,109,33857
ENGL,109,33850
ENGL,109,39520
ENGL,109,45502
ENGL,112,39523
ENGL,114,38404
ENGL,115,32291
ENGL,116,32294
ENGL,119,65040
ENGL,120,62711
ENGL,121,62222
ENGL,122,71512
ENGL,150,61379
ENGL,199,10065
ENGL,199,40419
ENGL,199,50105
ENGL,199,66184
ENGL,200,41926
ENGL,200,41879
ENGL,200,32268
ENGL,200,45880
ENGL,202,33890
ENGL,204,33893
ENGL,206,39502
ENGL,207,30150
ENGL,209,33895
ENGL,211,47892
ENGL,213,46720
ENGL,218,32300
ENGL,218,32301
ENGL,219,71513
ENGL,221,71514
ENGL,222,71352
ENGL,223,35639
ENGL,225,59989
ENGL,241,46722
ENGL,245,33947
ENGL,247,32304
ENGL,248,42911
ENGL,251,40995
ENGL,253,65156
ENGL,255,33954
ENGL,259,55608
ENGL,260,46724
ENGL,273,32198
ENGL,280,39491
ENGL,285,32221
ENGL,290,10067
ENGL,301,50625
ENGL,301,50626
ENGL,301,54605
ENGL,311,67746
ENGL,330,66192
ENGL,350,71517
ENGL,350,71520
ENGL,350,71519
ENGL,350,71515
ENGL,360,68560
ENGL,373,54657
ENGL,390,55761
ENGL,391,10069
ENGL,396,32223
ENGL,396,70614
ENGL,396,40420
ENGL,402,34483
ENGL,402,34481
ENGL,404,62761
ENGL,404,62760
ENGL,407,49440
ENGL,407,49439
ENGL,418,40436
ENGL,418,32335
ENGL,435,40394
ENGL,435,30174
ENGL,451,40398
ENGL,451,30177
ENGL,455,40444
ENGL,455,39507
ENGL,459,57641
ENGL,459,57640
ENGL,477,69327
ENGL,481,40460
ENGL,481,47718
ENGL,500,30190
ENGL,503,43343
ENGL,505,35705
ENGL,519,62717
ENGL,524,30191
ENGL,537,30193
ENGL,553,32356
ENGL,581,40464
ENGL,584,39504
ENGL,591,10073
ENGL,593,32361
ENGL,599,10079
ENT,599,10083
ENVS,210,61565
ENVS,220,39322
ENVS,299,10084
ENVS,430,36909
ENVS,480,37663
ENVS,492,67954
EOL,540,69385
EOL,542,30206
EOL,542,71735
EOL,543,46971
EOL,547,30209
EOL,547,71738
EOL,560,10095
EOL,560,30220
EOL,560,54843
EOL,560,54846
EOL,561,55497
EOL,564,71737
EOL,566,46734
EOL,567,63729
EOL,570,39737
EOL,572,30228
EOL,578,57480
EOL,579,61649
EOL,580,47680
EOL,583,55485
EPOL,199,67679
EPOL,199,67680
EPOL,550,67681
EPOL,591,69551
EPOL,595,69225
EPOL,599,69224
EPS,390,71239
EPS,402,45412
EPS,402,64997
EPS,411,39840
EPS,411,48246
EPS,420,33715
EPS,420,64995
EPS,421,54748
EPS,421,64988
EPS,422,65480
EPS,516,56340
EPS,520,30253
EPS,531,59069
EPS,575,47784
EPS,579,60841
EPS,590,49124
EPSY,200,30258
EPSY,201,33961
EPSY,202,32176
EPSY,220,33998
EPSY,220,33996
EPSY,220,33991
EPSY,236,32201
EPSY,395,10045
EPSY,401,44173
EPSY,401,44177
EPSY,401,44179
EPSY,403,64929
EPSY,403,68457
EPSY,405,41267
EPSY,405,37974
EPSY,407,30278
EPSY,407,68459
EPSY,413,30275
EPSY,420,34001
EPSY,430,66101
EPSY,430,67048
EPSY,456,63804
EPSY,456,63803
EPSY,485,67690
EPSY,485,34011
EPSY,487,33694
EPSY,487,33432
EPSY,490,48211
EPSY,490,64341
EPSY,490,68460
EPSY,491,10047
EPSY,492,66289
EPSY,508,71376
EPSY,510,30285
EPSY,520,38854
EPSY,520,32258
EPSY,555,70820
EPSY,563,35665
EPSY,573,35739
EPSY,574,70303
EPSY,578,71378
EPSY,580,30296
EPSY,582,52010
EPSY,583,50320
EPSY,584,38134
EPSY,585,34110
EPSY,589,70284
EPSY,590,52729
EPSY,590,64283
EPSY,590,34107
EPSY,590,34092
EPSY,590,34095
EPSY,590,41252
EPSY,590,60849
EPSY,590,59005
EPSY,590,60260
EPSY,590,61090
EPSY,590,53677
EPSY,591,10380
EPSY,595,10050
EPSY,599,10058
ESE,103,71343
ESE,118,58689
ESE,120,57776
ESE,120,57777
ESE,120,57778
ESE,120,57779
ESE,140,57760
ESE,143,59142
ESE,200,58311
ESE,208,61113
ESE,210,67830
ESE,360,61958
ESE,379,57418
ESE,401,58562
ESE,411,58045
ESE,421,61228
ESE,470,58301
ESE,477,69328
ESL,110,31699
ESL,110,31700
ESL,110,31705
ESL,111,62264
ESL,111,62265
ESL,111,62266
ESL,111,62267
ESL,111,62268
ESL,111,62269
ESL,111,62270
ESL,111,62271
ESL,111,62273
ESL,111,62274
ESL,111,62275
ESL,111,62276
ESL,111,62277
ESL,111,62278
ESL,111,62279
ESL,111,62280
ESL,111,71049
ESL,111,71050
ESL,112,63556
ESL,112,63557
ESL,112,63840
ESL,112,69203
ESL,115,60558
ESL,115,60863
ESL,115,60864
ESL,115,60560
ESL,115,30301
ESL,115,52672
ESL,115,52673
ESL,115,52674
ESL,115,52676
ESL,115,52677
ESL,115,52678
ESL,115,52679
ESL,115,52681
ESL,115,69210
ESL,115,69212
ESL,504,31731
ESL,504,50276
ESL,504,31734
ESL,506,31746
ESL,506,50728
ESL,508,56758
ESL,508,59165
ESL,508,64113
ESL,508,62319
ESL,510,31750
ESL,510,31754
ESL,510,31758
ESL,511,69261
ESL,511,69262
ESL,511,69264
ESL,511,69266
ESL,511,69274
ESL,511,69276
ESL,511,69278
ESL,511,69347
ESL,511,69279
ESL,512,69333
ESL,515,69284
ESL,515,69285
ESL,515,69295
ESL,522,69320
ESL,522,69321
ESL,592,69310
ESL,592,69311
ESL,592,69313
ESL,593,69317
EURO,199,67082
EURO,376,66777
EURO,385,68432
EURO,490,70412
EURO,500,62400
EURO,501,54439
EURO,590,56543
EURO,599,58716
FAA,101,58685
FAA,110,62348
FAA,110,70583
FAA,110,62349
FAA,110,66964
FAA,110,63086
FAA,110,63087
FAA,499,71185
FAA,499,71184
FIN,199,10109
FIN,221,37367
FIN,221,37371
FIN,221,71880
FIN,230,30211
FIN,241,47724
FIN,241,47656
FIN,300,37416
FIN,300,58161
FIN,300,37422
FIN,300,45318
FIN,300,37427
FIN,300,37425
FIN,300,37423
FIN,321,60083
FIN,321,41268
FIN,321,41729
FIN,321,41662
FIN,321,60082
FIN,321,41256
FIN,390,58355
FIN,391,70716
FIN,391,63342
FIN,392,66844
FIN,411,58364
FIN,411,58363
FIN,411,63276
FIN,412,43322
FIN,414,36361
FIN,414,36363
FIN,415,62151
FIN,418,56146
FIN,419,32429
FIN,419,32432
FIN,423,44166
FIN,423,45378
FIN,423,32408
FIN,424,63229
FIN,432,30219
FIN,432,41642
FIN,433,72034
FIN,435,66395
FIN,435,58354
FIN,443,39672
FIN,444,40318
FIN,445,64964
FIN,445,64965
FIN,447,64830
FIN,447,64831
FIN,463,63319
FIN,490,72035
FIN,490,72025
FIN,490,64846
FIN,490,70760
FIN,490,70455
FIN,494,10111
FIN,495,10115
FIN,500,71369
FIN,500,56595
FIN,500,71370
FIN,501,56197
FIN,501,56198
FIN,501,56196
FIN,511,32461
FIN,511,60177
FIN,511,60178
FIN,511,60176
FIN,512,41693
FIN,512,32466
FIN,514,66394
FIN,515,70678
FIN,516,58387
FIN,518,66735
FIN,520,32443
FIN,521,60180
FIN,521,60181
FIN,522,68319
FIN,522,70877
FIN,527,68226
FIN,530,67104
FIN,541,29855
FIN,544,67125
FIN,545,67123
FIN,563,67137
FIN,566,67130
FIN,568,67128
FIN,568,67127
FIN,570,59881
FIN,575,63327
FIN,578,65249
FIN,579,60753
FIN,579,65782
FIN,580,72167
FIN,580,50081
FIN,580,48173
FIN,580,70398
FIN,580,66670
FIN,580,62063
FIN,580,70390
FIN,580,72033
FIN,580,61970
FIN,580,70568
FIN,580,58811
FIN,580,72036
FIN,580,72037
FIN,580,65522
FIN,580,52597
FIN,580,71136
FIN,580,71137
FIN,580,66865
FIN,580,68387
FIN,580,60270
FIN,580,70456
FIN,580,70397
FIN,590,10127
FIN,590,67020
FIN,590,40325
FIN,591,30231
FIN,592,58360
FIN,594,39676
FIN,599,10129
FLTE,475,67354
FLTE,478,67355
FR,101,37429
FR,101,39691
FR,101,56045
FR,101,37431
FR,101,37434
FR,101,37432
FR,101,66330
FR,101,37433
FR,102,56054
FR,102,66331
FR,102,32510
FR,102,32512
FR,102,32511
FR,103,37436
FR,103,37439
FR,103,37443
FR,103,37440
FR,103,37442
FR,104,32513
FR,104,32520
FR,133,39696
FR,134,32538
FR,199,10135
FR,205,32547
FR,205,32551
FR,207,54811
FR,207,41939
FR,211,67090
FR,211,67936
FR,212,67934
FR,213,32079
FR,299,32095
FR,299,32107
FR,314,67935
FR,324,43721
FR,336,71750
FR,385,44148
FR,390,49803
FR,419,43569
FR,419,29871
FR,460,33695
FR,460,33433
FR,481,33655
FR,481,33454
FR,492,10138
FR,505,29911
FR,529,29913
FR,572,57986
FR,573,51103
FR,584,35667
FR,588,61202
FR,588,35545
FR,591,10142
FR,599,10149
FSHN,101,54366
FSHN,101,30232
FSHN,120,30234
FSHN,125,65155
FSHN,130,65154
FSHN,140,30236
FSHN,150,60251
FSHN,199,10152
FSHN,199,32121
FSHN,220,58093
FSHN,230,65157
FSHN,232,62851
FSHN,232,62852
FSHN,293,41142
FSHN,294,41156
FSHN,294,72190
FSHN,295,10165
FSHN,302,32060
FSHN,302,52117
FSHN,340,32087
FSHN,343,69514
FSHN,343,69515
FSHN,345,30240
FSHN,396,10176
FSHN,398,71938
FSHN,398,72145
FSHN,398,71948
FSHN,398,70504
FSHN,414,30241
FSHN,416,54484
FSHN,417,65352
FSHN,417,65353
FSHN,420,37693
FSHN,423,10181
FSHN,426,37690
FSHN,428,39109
FSHN,440,34109
FSHN,450,60252
FSHN,453,68340
FSHN,453,68341
FSHN,461,30256
FSHN,465,30259
FSHN,466,30267
FSHN,466,52120
FSHN,480,37665
FSHN,499,10184
FSHN,499,71997
FSHN,510,71225
FSHN,514,65371
FSHN,520,67061
FSHN,550,69307
FSHN,590,47681
FSHN,592,56617
FSHN,595,70646
FSHN,595,72237
FSHN,595,71912
FSHN,595,71642
FSHN,595,52055
FSHN,597,30276
FSHN,598,10188
FSHN,599,10193
GCL,124,68774
GCL,126,71921
GCL,126,66493
GCL,128,65530
GCL,143,67168
GCL,147,65532
GCL,185,67765
GCL,186,67764
GCL,188,70348
GCL,195,67766
GEOG,100,55758
GEOG,103,32229
GEOG,104,30332
GEOG,204,30335
GEOG,210,32230
GEOG,221,66484
GEOG,280,65234
GEOG,379,40685
GEOG,401,50068
GEOG,408,61278
GEOG,412,57408
GEOG,421,37119
GEOG,468,37451
GEOG,468,37450
GEOG,471,30363
GEOG,473,40688
GEOG,479,50135
GEOG,495,68165
GEOG,570,53740
GEOG,595,50234
GEOG,598,71620
GEOG,599,10240
GEOL,100,37466
GEOL,107,32315
GEOL,118,30379
GEOL,143,37574
GEOL,199,10244
GEOL,208,61110
GEOL,390,65287
GEOL,391,10248
GEOL,401,58044
GEOL,415,10255
GEOL,432,30386
GEOL,452,47539
GEOL,460,67811
GEOL,470,30394
GEOL,481,37121
GEOL,490,66567
GEOL,491,66568
GEOL,492,10249
GEOL,493,10252
GEOL,497,10260
GEOL,515,10263
GEOL,540,39234
GEOL,560,30399
GEOL,563,45921
GEOL,591,30405
GEOL,593,10267
GEOL,593,57495
GEOL,593,71468
GEOL,593,64620
GEOL,599,10271
GER,101,37582
GER,101,37584
GER,101,37579
GER,101,37587
GER,101,37589
GER,102,39725
GER,102,32327
GER,102,49444
GER,103,32349
GER,103,32330
GER,103,46029
GER,104,32359
GER,104,51113
GER,191,10276
GER,199,10279
GER,205,68022
GER,211,47970
GER,212,46780
GER,270,49122
GER,299,32377
GER,320,46782
GER,331,47962
GER,385,44149
GER,403,30444
GER,460,33696
GER,460,33435
GER,472,57750
GER,489,33656
GER,489,33457
GER,491,10289
GER,496,10291
GER,510,30463
GER,574,39733
GER,582,30472
GER,584,35669
GER,588,61203
GER,588,35547
GER,593,10295
GER,599,10297
GLBL,100,54575
GLBL,100,54577
GLBL,100,54856
GLBL,100,60712
GLBL,100,61401
GLBL,100,54580
GLBL,118,41060
GLBL,199,65743
GLBL,199,72158
GLBL,201,41080
GLBL,220,60293
GLBL,221,66495
GLBL,225,63888
GLBL,228,71662
GLBL,240,63656
GLBL,272,71546
GLBL,296,70608
GLBL,296,70589
GLBL,296,58754
GLBL,350,65017
GLBL,440,66131
GLBL,483,34535
GLBL,494,54276
GLBL,500,69246
GMC,199,10300
GRK,101,37594
GRK,199,10302
GRK,201,58967
GRK,403,69630
GRK,491,53606
GRK,491,30480
GRK,492,10306
GRK,493,10313
GRK,599,10316
GRKM,403,70930
GS,101,52360
GS,101,52396
GS,101,52381
GS,101,52365
GS,101,52393
GS,101,52375
GS,101,52373
GS,101,52390
GS,101,52369
GS,101,52374
GS,101,52385
GS,101,52394
GS,101,52367
GS,101,52377
GS,101,52363
GS,101,52386
GS,101,52359
GS,101,52382
GS,101,52383
GS,101,52397
GS,101,52388
GS,101,52395
GS,101,52371
GS,101,52387
GS,101,52392
GS,101,52380
GS,101,52398
GS,101,52400
GS,101,52402
GS,101,52403
GS,101,52399
GS,101,52793
GS,101,52391
GS,101,52376
GS,101,52370
GS,101,52794
GS,101,52361
GS,101,52404
GS,299,55433
GWS,100,55560
GWS,201,57507
GWS,226,58493
GWS,235,72007
GWS,240,33551
GWS,255,57987
GWS,270,49508
GWS,275,71452
GWS,280,39526
GWS,286,70122
GWS,320,61313
GWS,340,38499
GWS,356,47811
GWS,360,61695
GWS,366,66123
GWS,370,42909
GWS,376,66776
GWS,387,57515
GWS,390,10359
GWS,392,50123
GWS,395,71746
GWS,417,47939
GWS,454,68318
GWS,478,61104
GWS,478,61103
GWS,490,10361
GWS,550,30426
GWS,581,63446
GWS,581,71798
HDFS,101,59642
HDFS,101,67230
HDFS,101,70810
HDFS,105,37618
HDFS,140,55714
HDFS,199,71360
HDFS,208,38775
HDFS,220,53614
HDFS,221,64422
HDFS,225,38776
HDFS,259,67715
HDFS,262,35144
HDFS,262,35114
HDFS,263,65402
HDFS,290,46524
HDFS,291,69930
HDFS,293,40241
HDFS,294,10333
HDFS,295,10336
HDFS,301,49014
HDFS,324,58565
HDFS,340,38496
HDFS,379,58076
HDFS,379,64368
HDFS,398,71241
HDFS,401,32407
HDFS,404,58806
HDFS,404,58805
HDFS,405,66263
HDFS,424,54750
HDFS,424,64992
HDFS,425,32422
HDFS,450,10342
HDFS,450,61067
HDFS,499,55411
HDFS,499,63551
HDFS,500,49706
HDFS,501,30329
HDFS,526,51196
HDFS,533,66253
HDFS,541,70653
HDFS,550,69297
HDFS,590,66252
HDFS,595,66257
HDFS,596,10345
HDFS,597,71375
HDFS,598,66258
HDFS,599,66259
HEBR,201,39801
HEBR,403,39803
HEBR,403,30333
HIST,100,30338
HIST,103,71559
HIST,120,34319
HIST,140,32464
HIST,141,34044
HIST,142,34096
HIST,143,32476
HIST,170,32483
HIST,171,34181
HIST,172,34308
HIST,174,36654
HIST,199,10358
HIST,200,32494
HIST,200,32497
HIST,200,32500
HIST,200,39271
HIST,203,69038
HIST,240,70104
HIST,252,56012
HIST,257,71661
HIST,259,69361
HIST,268,70838
HIST,276,62739
HIST,277,30361
HIST,280,34286
HIST,281,70105
HIST,283,72182
HIST,286,70121
HIST,310,70123
HIST,311,71397
HIST,338,70887
HIST,347,46027
HIST,353,47547
HIST,354,30369
HIST,358,71650
HIST,365,63605
HIST,387,58038
HIST,389,71545
HIST,396,42598
HIST,398,58594
HIST,399,50993
HIST,410,57615
HIST,410,57614
HIST,422,34211
HIST,422,34214
HIST,422,34210
HIST,439,30376
HIST,439,43260
HIST,439,43259
HIST,456,53155
HIST,456,53154
HIST,467,71401
HIST,467,71402
HIST,475,55571
HIST,475,55490
HIST,478,56095
HIST,478,56386
HIST,481,34198
HIST,481,34202
HIST,481,34187
HIST,490,10419
HIST,493,10420
HIST,499,56173
HIST,596,10421
HIST,597,10422
HIST,598,10423
HIST,599,10424
HNDI,115,64872
HNDI,412,53502
HORT,100,32590
HORT,105,34279
HORT,106,30924
HORT,226,33550
HORT,362,65595
HRD,475,66191
HRD,475,67429
HRD,490,66039
HRD,490,64488
HRD,590,69963
HUM,191,10430
HUM,199,10431
HUM,390,10432
HUM,395,70239
HUM,397,10434
HUM,492,10433
HUM,495,10436
HUM,498,10435
IB,104,35456
IB,105,55520
IB,150,35460
IB,150,67787
IB,203,35464
IB,204,49804
IB,204,66384
IB,220,33487
IB,290,72021
IB,292,70537
IB,299,57593
IB,299,67389
IB,303,68278
IB,348,34571
IB,362,70371
IB,390,43891
IB,421,49926
IB,426,30391
IB,436,71427
IB,436,71426
IB,450,67093
IB,450,67094
IB,452,35413
IB,478,59815
IB,490,43892
IB,491,37458
IB,491,37457
IB,494,65547
IB,496,72238
IB,590,10455
IE,199,10438
IE,300,53217
IE,300,61376
IE,310,31822
IE,360,61503
IE,397,62672
IE,400,30400
IE,405,71533
IE,405,71532
IE,411,62888
IE,411,62889
IE,412,30397
IE,445,37985
IE,445,42726
IE,497,10441
IE,498,72016
IE,522,55481
IE,523,55482
IE,524,60072
IE,529,66823
IE,534,70295
IE,590,30404
IE,597,10445
IE,598,72015
IE,598,71989
IE,598,70577
IE,598,72075
IE,599,10447
IHLT,101,59858
IHLT,102,69368
IHLT,230,65122
IHLT,240,69236
IHLT,375,62943
IHLT,375,71381
IHLT,474,62235
IHLT,474,71382
IHLT,475,61502
IHLT,475,71383
INFO,202,53921
INFO,303,54368
INFO,303,54367
INFO,303,56170
INFO,303,54369
INFO,326,57671
INFO,399,52906
INFO,490,68913
INFO,490,65245
INFO,490,71423
INFO,490,65396
INFO,500,59152
INFO,510,62421
INFO,555,70822
INFO,597,62391
INFO,599,52905
IS,107,71693
IS,202,68247
IS,351,68246
IS,390,68256
IS,390,71876
IS,403,68266
IS,403,68794
IS,404,71807
IS,404,71808
IS,418,70369
IS,418,70370
IS,451,68267
IS,452,68257
IS,455,71895
IS,457,70320
IS,457,70321
IS,458,70322
IS,458,70323
IS,490,71994
IS,490,71995
IS,490,71810
IS,490,71811
IS,501,68849
IS,501,68850
IS,501,68853
IS,502,68854
IS,503,71827
IS,504,68269
IS,505,69081
IS,506,68271
IS,515,71828
IS,518,68404
IS,532,70340
IS,539,71812
IS,540,70329
IS,542,68856
IS,542,68916
IS,542,70384
IS,543,68425
IS,561,68783
IS,561,68851
IS,561,70386
IS,562,69025
IS,567,68917
IS,571,70113
IS,582,68277
IS,585,68412
IS,588,69487
IS,590,68213
IS,590,71968
IS,590,71795
IS,590,69174
IS,590,68743
IS,590,69189
IS,590,71862
IS,590,70545
IS,590,68852
IS,590,70557
IS,590,69195
IS,590,71785
IS,590,71804
IS,591,69001
IS,592,68999
IS,593,69000
IS,594,69086
IS,599,69002
ITAL,101,45680
ITAL,101,35261
ITAL,101,35035
ITAL,101,35297
ITAL,101,35341
ITAL,102,59487
ITAL,102,59488
ITAL,103,31847
ITAL,103,31853
ITAL,103,31851
ITAL,104,31865
ITAL,156,70468
ITAL,199,10459
ITAL,199,49279
ITAL,210,30448
ITAL,240,53944
ITAL,250,72024
ITAL,390,10461
ITAL,420,39454
ITAL,460,33697
ITAL,460,33437
ITAL,470,42982
ITAL,470,42983
ITAL,489,33658
ITAL,489,33459
ITAL,505,67395
ITAL,584,35671
ITAL,588,61212
ITAL,588,35549
ITAL,595,10463
ITAL,599,10466
JAPN,201,45827
JAPN,201,31767
JAPN,201,31763
JAPN,201,31766
JAPN,203,49687
JAPN,203,31753
JAPN,203,31757
JAPN,305,30458
JAPN,440,30461
JAPN,440,42882
JOUR,199,51293
JOUR,199,54157
JOUR,199,66771
JOUR,200,35316
JOUR,200,69379
JOUR,205,62988
JOUR,210,62999
JOUR,210,63002
JOUR,250,51738
JOUR,293,69163
JOUR,311,62989
JOUR,315,63010
JOUR,360,64428
JOUR,425,31843
JOUR,445,31814
JOUR,450,39936
JOUR,452,62881
JOUR,460,10470
JOUR,460,71731
JOUR,480,10471
JOUR,482,62879
JOUR,482,63822
JOUR,483,63623
JOUR,505,39937
JOUR,515,10472
JOUR,590,58770
JS,108,70854
JS,199,59191
JS,209,71350
JS,220,72230
JS,252,71727
JS,454,71501
JS,454,71502
JS,501,57905
KIN,122,30488
KIN,122,57761
KIN,140,31892
KIN,150,31979
KIN,160,66705
KIN,199,72031
KIN,199,65887
KIN,201,67724
KIN,230,43225
KIN,247,30512
KIN,249,35148
KIN,259,67714
KIN,262,35136
KIN,262,35119
KIN,268,31945
KIN,340,59595
KIN,340,64961
KIN,352,32026
KIN,355,31928
KIN,360,30519
KIN,361,30514
KIN,364,31962
KIN,369,61098
KIN,385,10475
KIN,386,48059
KIN,387,39909
KIN,387,39911
KIN,390,51920
KIN,391,10477
KIN,393,10479
KIN,448,45408
KIN,448,45407
KIN,453,68338
KIN,453,68339
KIN,457,63690
KIN,457,65269
KIN,460,40678
KIN,460,40677
KIN,485,61951
KIN,494,71978
KIN,494,71977
KIN,494,72009
KIN,494,72010
KIN,494,72050
KIN,494,72051
KIN,494,70467
KIN,494,70466
KIN,540,60766
KIN,543,54639
KIN,565,56189
KIN,590,10483
KIN,599,10485
KOR,201,30541
KOR,201,42447
KOR,203,67139
KOR,203,30543
KOR,221,30546
KOR,241,30547
KOR,305,30548
KOR,440,43687
LA,101,30742
LA,199,10486
LA,250,30751
LA,301,10487
LA,346,30759
LA,390,10488
LA,390,47163
LA,460,46904
LA,460,46903
LA,501,30771
LA,506,72097
LA,590,10489
LA,598,10490
LA,599,10491
LAS,102,67174
LAS,102,67183
LAS,102,67184
LAS,102,67185
LAS,102,67175
LAS,102,67176
LAS,102,67177
LAS,102,67178
LAS,102,67179
LAS,102,67180
LAS,102,67181
LAS,102,67182
LAS,199,10492
LAS,199,50157
LAS,199,46390
LAS,299,30776
LAS,399,58324
LAS,399,58325
LAS,399,58326
LAS,399,58327
LAS,399,58328
LAS,399,63580
LAS,494,10493
LAST,170,35318
LAST,232,70941
LAST,232,70940
LAST,342,66631
LAST,395,10500
LAST,440,69198
LAST,445,30777
LAST,490,10499
LAST,550,41751
LAST,599,10502
LAT,101,42529
LAT,101,31929
LAT,102,39442
LAT,199,10504
LAT,401,67951
LAT,401,67950
LAT,491,50832
LAT,491,30786
LAT,492,10506
LAT,493,10509
LAT,520,30790
LAT,599,10510
LAW,199,55408
LAW,301,52233
LAW,500,60655
LAW,500,60669
LAW,500,60360
LAW,500,60663
LAW,500,60656
LAW,500,60657
LAW,500,60666
LAW,500,60658
LAW,500,60665
LAW,500,60659
LAW,500,60660
LAW,500,60661
LAW,500,60662
LAW,501,65113
LAW,501,70570
LAW,599,57338
LAW,599,69698
LAW,599,59168
LAW,599,64166
LAW,599,56983
LAW,599,59170
LAW,601,50573
LAW,602,50570
LAW,602,50574
LAW,603,46345
LAW,604,46276
LAW,604,31952
LAW,604,56973
LAW,605,52173
LAW,605,52724
LAW,607,52190
LAW,615,30838
LAW,615,48544
LAW,616,30839
LAW,616,42636
LAW,631,58330
LAW,631,59102
LAW,633,31955
LAW,633,31957
LAW,634,56475
LAW,634,56815
LAW,635,47593
LAW,635,52701
LAW,638,72040
LAW,638,72138
LAW,643,30842
LAW,643,42642
LAW,644,50131
LAW,644,50584
LAW,647,31958
LAW,647,42644
LAW,662,33260
LAW,662,50588
LAW,665,33189
LAW,667,44132
LAW,667,48682
LAW,668,30849
LAW,668,56873
LAW,673,54962
LAW,673,56881
LAW,680,31969
LAW,680,31972
LAW,682,31960
LAW,682,42651
LAW,682,31961
LAW,682,42652
LAW,683,30852
LAW,683,55078
LAW,684,43944
LAW,684,50567
LAW,692,58571
LAW,692,58572
LAW,692,59141
LAW,692,59213
LAW,692,68780
LAW,692,69635
LAW,692,70773
LAW,694,30855
LAW,694,46043
LAW,694,57318
LAW,694,70607
LAW,695,33263
LAW,695,35819
LAW,695,35817
LAW,696,33264
LAW,696,60670
LAW,696,62631
LAW,696,60677
LAW,696,35821
LAW,696,35822
LAW,696,38078
LAW,696,38077
LAW,696,60872
LAW,696,59072
LAW,696,38082
LAW,696,59221
LAW,696,60676
LAW,696,60671
LAW,696,69700
LAW,696,60678
LAW,696,59128
LAW,696,60504
LAW,696,60392
LAW,696,59073
LAW,696,60673
LAW,696,59211
LAW,696,59129
LAW,696,67528
LAW,696,60843
LAW,696,58747
LAW,696,60672
LAW,696,60675
LAW,696,60858
LAW,696,58748
LAW,696,60873
LAW,696,58746
LAW,699,10511
LAW,699,71299
LAW,792,47597
LAW,792,48128
LAW,792,52187
LAW,792,52719
LAW,792,62240
LAW,792,47682
LAW,792,52767
LAW,792,72143
LAW,792,71174
LAW,792,62238
LAW,792,61751
LAW,792,62239
LAW,792,50141
LAW,792,50591
LAW,792,65115
LAW,792,65432
LAW,792,50410
LAW,792,65433
LAW,792,59013
LAW,792,59372
LAW,793,50134
LAW,793,50595
LAW,793,63381
LAW,793,63949
LAW,793,65146
LAW,793,65147
LAW,793,65394
LAW,793,70486
LAW,794,47601
LAW,794,50596
LAW,794,54932
LAW,794,60626
LAW,796,66769
LAW,796,67108
LAW,797,50553
LAW,797,55326
LAW,797,52770
LAW,797,72142
LAW,797,58398
LAW,797,60912
LAW,798,47606
LAW,798,54636
LAW,798,68965
LAW,798,48138
LAW,798,65623
LAW,798,56491
LAW,798,56780
LER,199,53733
LER,199,70463
LER,320,54130
LER,440,66883
LER,440,54404
LER,522,54197
LER,523,56036
LER,541,54409
LER,542,54235
LER,543,54237
LER,559,54231
LER,561,54198
LER,562,54215
LER,565,54217
LER,566,54253
LER,568,54223
LER,569,54252
LER,570,56037
LER,580,59311
LER,590,53734
LER,590,71930
LER,590,59058
LER,590,70381
LER,590,56034
LER,590,58258
LER,590,68364
LER,590,64962
LER,590,63152
LER,590,59991
LER,590,71935
LER,591,54232
LER,591,54233
LER,593,54239
LER,593,54242
LER,595,54226
LER,598,61476
LER,599,53735
LING,100,32007
LING,104,37054
LING,111,45355
LING,115,64859
LING,191,10520
LING,199,10522
LING,199,72198
LING,210,32019
LING,221,56813
LING,221,56814
LING,221,58381
LING,225,32023
LING,240,40360
LING,270,59649
LING,290,10524
LING,290,71293
LING,291,69232
LING,291,71219
LING,291,71212
LING,291,71186
LING,291,71187
LING,300,35055
LING,301,50500
LING,307,30893
LING,321,55038
LING,321,61935
LING,391,61859
LING,391,72172
LING,401,30894
LING,401,47932
LING,402,43108
LING,404,67240
LING,404,42673
LING,404,71623
LING,404,67557
LING,404,42638
LING,430,45223
LING,430,45220
LING,450,35282
LING,489,63262
LING,489,63261
LING,490,63731
LING,490,70668
LING,490,63730
LING,490,70664
LING,501,30896
LING,504,41713
LING,506,43184
LING,507,60086
LING,514,45414
LING,560,60612
LING,584,35674
LING,588,40994
LING,588,35551
LING,590,10528
LING,590,72233
LING,591,72177
LING,591,40591
LING,599,22348
LING,599,71058
LLS,100,32237
LLS,200,67475
LLS,201,40378
LLS,220,48137
LLS,235,72006
LLS,242,58195
LLS,246,63695
LLS,280,34287
LLS,281,70108
LLS,308,69392
LLS,308,60346
LLS,308,64939
LLS,320,61312
LLS,360,58197
LLS,372,67537
LLS,385,60011
LLS,390,10539
LLS,392,50108
LLS,396,53282
LLS,433,64953
LLS,473,66528
LLS,473,66530
LLS,495,56505
LLS,496,61962
LLS,496,61963
LLS,554,70654
LLS,590,48135
LLS,596,47225
MACS,101,57643
MACS,101,69867
MACS,101,57644
MACS,101,57645
MACS,101,57646
MACS,101,57649
MACS,101,57650
MACS,101,65588
MACS,101,65589
MACS,104,57952
MACS,104,57956
MACS,104,57951
MACS,104,57957
MACS,104,57953
MACS,104,57958
MACS,140,71648
MACS,150,71556
MACS,199,69730
MACS,202,64793
MACS,203,65073
MACS,205,66939
MACS,264,57656
MACS,273,59601
MACS,282,72089
MACS,317,57657
MACS,320,66207
MACS,323,58296
MACS,326,57666
MACS,351,57678
MACS,356,57684
MACS,361,57707
MACS,373,57982
MACS,391,63220
MACS,470,57712
MACS,470,57713
MACS,499,64319
MACS,503,57697
MATH,101,69244
MATH,103,32067
MATH,112,64759
MATH,112,65465
MATH,112,65599
MATH,115,49212
MATH,115,58801
MATH,115,49213
MATH,119,47768
MATH,124,32037
MATH,124,32038
MATH,124,32040
MATH,124,32036
MATH,124,58743
MATH,125,56122
MATH,181,49144
MATH,199,10551
MATH,199,47745
MATH,213,32072
MATH,213,32073
MATH,213,32076
MATH,220,34494
MATH,220,35108
MATH,220,33431
MATH,220,50794
MATH,220,68107
MATH,221,47002
MATH,221,46992
MATH,221,47023
MATH,221,47013
MATH,221,69596
MATH,221,69611
MATH,225,55844
MATH,225,55845
MATH,231,46860
MATH,231,46908
MATH,231,56751
MATH,231,46880
MATH,231,46897
MATH,241,59328
MATH,241,47036
MATH,241,49251
MATH,241,47058
MATH,241,47043
MATH,241,51397
MATH,241,62211
MATH,241,50501
MATH,285,51206
MATH,285,51208
MATH,285,51209
MATH,286,59624
MATH,286,51203
MATH,299,50014
MATH,299,50015
MATH,347,34498
MATH,347,34448
MATH,347,68430
MATH,347,66654
MATH,347,65074
MATH,347,34450
MATH,347,34383
MATH,347,34395
MATH,347,34444
MATH,347,67249
MATH,357,53281
MATH,357,63537
MATH,390,10553
MATH,402,32099
MATH,402,39112
MATH,402,32102
MATH,402,39113
MATH,403,30344
MATH,403,39114
MATH,405,54459
MATH,405,54460
MATH,412,30348
MATH,412,39116
MATH,413,33533
MATH,413,39117
MATH,413,62937
MATH,413,62938
MATH,415,63037
MATH,415,40196
MATH,415,63038
MATH,415,63039
MATH,416,54464
MATH,416,54465
MATH,416,57836
MATH,416,57837
MATH,416,55159
MATH,416,69245
MATH,416,51392
MATH,416,55582
MATH,416,55583
MATH,416,67250
MATH,416,67251
MATH,417,32108
MATH,417,32110
MATH,417,32112
MATH,417,32114
MATH,417,65075
MATH,417,65076
MATH,417,32103
MATH,417,32106
MATH,423,30352
MATH,423,39127
MATH,424,47761
MATH,427,49850
MATH,428,47762
MATH,441,32116
MATH,441,32118
MATH,441,32120
MATH,441,32123
MATH,441,57793
MATH,441,57794
MATH,442,30354
MATH,442,39129
MATH,444,66403
MATH,444,66404
MATH,444,32129
MATH,444,32130
MATH,444,32125
MATH,444,32127
MATH,444,32132
MATH,444,32134
MATH,446,59648
MATH,446,59650
MATH,447,32136
MATH,447,32137
MATH,447,32138
MATH,447,32139
MATH,448,30356
MATH,448,39131
MATH,450,36039
MATH,450,36042
MATH,453,32140
MATH,453,32144
MATH,453,32147
MATH,453,32150
MATH,461,62178
MATH,461,33523
MATH,461,39204
MATH,461,39205
MATH,463,38763
MATH,463,38764
MATH,463,38765
MATH,463,65033
MATH,464,65079
MATH,464,65081
MATH,464,65612
MATH,464,65614
MATH,464,58797
MATH,464,58799
MATH,473,70172
MATH,473,72229
MATH,482,30808
MATH,482,39139
MATH,482,66990
MATH,482,66991
MATH,484,30809
MATH,484,39140
MATH,489,30810
MATH,489,39141
MATH,490,54837
MATH,492,64803
MATH,499,64054
MATH,500,30815
MATH,502,30817
MATH,510,39228
MATH,512,65388
MATH,518,52652
MATH,520,71342
MATH,526,59521
MATH,531,30823
MATH,535,59520
MATH,540,30824
MATH,542,30825
MATH,547,67682
MATH,550,30826
MATH,554,30828
MATH,562,33567
MATH,563,67684
MATH,564,33547
MATH,570,30831
MATH,580,33562
MATH,595,49173
MATH,595,48012
MATH,595,66669
MATH,595,57739
MATH,595,51374
MATH,595,40114
MATH,595,57745
MATH,595,48013
MATH,597,10556
MATH,599,10600
MBA,501,38611
MBA,501,54116
MBA,501,54112
MBA,501,38608
MBA,501,43816
MBA,502,54132
MBA,502,43823
MBA,502,38613
MBA,502,54134
MBA,502,43822
MBA,530,10572
MBA,531,10574
MBA,531,68951
MCB,100,30499
MCB,150,33829
MCB,170,56495
MCB,199,67083
MCB,199,49915
MCB,199,45198
MCB,199,45216
MCB,199,45219
MCB,244,56301
MCB,250,33831
MCB,252,47217
MCB,290,41199
MCB,292,71900
MCB,300,30502
MCB,301,33582
MCB,314,55475
MCB,316,47677
MCB,354,30495
MCB,400,31654
MCB,401,30555
MCB,413,60060
MCB,433,70205
MCB,450,40594
MCB,461,59992
MCB,471,66483
MCB,492,47357
MCB,501,39763
MCB,502,39764
MCB,529,57129
MCB,530,30558
MCB,540,65455
MCB,542,70845
MCB,561,54743
MCB,580,63202
MCB,581,10583
MCB,582,10001
MCB,583,10002
MDIA,100,66238
MDIA,299,56129
MDIA,380,63429
MDIA,571,53207
MDIA,575,68908
MDIA,590,53208
MDIA,599,53209
MDVL,201,33892
MDVL,240,53946
MDVL,251,58535
MDVL,252,48307
MDVL,407,49830
MDVL,407,49829
MDVL,412,54430
ME,170,36693
ME,199,10540
ME,199,54463
ME,199,56507
ME,200,69990
ME,200,69991
ME,270,64669
ME,290,69988
ME,297,67616
ME,310,67211
ME,310,33317
ME,320,33401
ME,320,33403
ME,330,36512
ME,330,36518
ME,340,36615
ME,340,67210
ME,360,36667
ME,360,36673
ME,370,32242
ME,370,32243
ME,370,70136
ME,371,32244
ME,371,32245
ME,402,40450
ME,402,54361
ME,403,56134
ME,403,56133
ME,410,68180
ME,410,70687
ME,411,36858
ME,420,58135
ME,430,64011
ME,430,30307
ME,432,70088
ME,432,70089
ME,445,36961
ME,451,56092
ME,451,56569
ME,461,30305
ME,461,60190
ME,470,36716
ME,471,36848
ME,471,62977
ME,482,54416
ME,482,60170
ME,487,67800
ME,487,55925
ME,496,10541
ME,497,10543
ME,498,70402
ME,498,71647
ME,498,70475
ME,498,71645
ME,498,71644
ME,498,68968
ME,498,68934
ME,562,63967
ME,586,66183
ME,590,32257
ME,597,10547
ME,598,68952
ME,599,10549
MICR,590,10582
MICR,599,10005
MILS,101,32542
MILS,101,32546
MILS,101,41854
MILS,101,41855
MILS,120,64675
MILS,201,32555
MILS,201,32560
MILS,201,32564
MILS,301,32566
MILS,301,32567
MILS,301,32569
MILS,341,32570
MILS,341,32572
MILS,341,32573
MIP,590,10166
MIP,595,32811
MIP,599,10168
MSE,101,30427
MSE,182,30429
MSE,199,10557
MSE,201,30431
MSE,280,30432
MSE,307,32409
MSE,397,10559
MSE,401,38343
MSE,403,30434
MSE,406,42990
MSE,421,30436
MSE,421,46510
MSE,440,30439
MSE,456,49972
MSE,457,38339
MSE,457,61140
MSE,461,30449
MSE,470,30451
MSE,480,30457
MSE,480,46512
MSE,485,64701
MSE,485,64704
MSE,492,71919
MSE,497,10601
MSE,498,72231
MSE,498,32445
MSE,499,10561
MSE,529,30465
MSE,590,10568
MSE,597,10566
MSE,598,43023
MSE,599,10570
MUS,090,30557
MUS,101,51510
MUS,101,37438
MUS,103,32468
MUS,105,71866
MUS,107,37676
MUS,110,39978
MUS,130,37707
MUS,133,37728
MUS,133,37746
MUS,158,59765
MUS,169,38137
MUS,169,37510
MUS,199,10009
MUS,201,39963
MUS,202,71254
MUS,207,53913
MUS,222,70719
MUS,240,30559
MUS,242,32613
MUS,242,32617
MUS,299,10011
MUS,313,38184
MUS,343,65132
MUS,345,30603
MUS,348,30605
MUS,404,39969
MUS,406,38235
MUS,408,39973
MUS,408,32649
MUS,408,41534
MUS,411,55771
MUS,418,42744
MUS,418,42745
MUS,423,65602
MUS,439,53906
MUS,443,50797
MUS,447,30657
MUS,448,30762
MUS,450,70976
MUS,452,30655
MUS,459,62828
MUS,499,10014
MUS,499,72180
MUS,501,62407
MUS,505,10017
MUS,506,38313
MUS,509,69202
MUS,511,30716
MUS,520,58780
MUS,523,32824
MUS,524,30725
MUS,525,10026
MUS,528,30734
MUS,528,59798
MUS,528,45134
MUS,528,58089
MUS,528,64380
MUS,530,10022
MUS,532,64959
MUS,540,30766
MUS,545,71933
MUS,546,30720
MUS,550,71887
MUS,555,71888
MUS,557,30740
MUS,558,30741
MUS,559,30743
MUS,560,32831
MUS,562,30745
MUS,563,30774
MUS,565,30784
MUS,569,69694
MUS,573,58298
MUS,576,10028
MUS,599,10030
MUSE,200,55606
MUSE,390,60355
NEUR,314,55476
NEUR,403,45299
NEUR,403,45298
NEUR,414,47832
NEUR,414,46972
NEUR,417,69623
NEUR,417,69624
NEUR,433,51757
NEUR,433,51756
NEUR,450,67702
NEUR,450,67701
NEUR,453,53264
NEUR,453,53265
NEUR,461,59997
NEUR,500,48606
NEUR,520,42436
NEUR,542,70844
NEUR,590,10053
NEUR,598,57476
NEUR,598,57462
NEUR,598,57464
NEUR,598,57460
NEUR,598,57466
NEUR,598,59943
NEUR,598,57468
NEUR,598,70055
NEUR,598,67320
NEUR,598,57470
NEUR,598,59678
NEUR,598,57472
NEUR,598,61654
NEUR,598,57474
NEUR,599,10055
NPRE,100,32850
NPRE,201,48084
NPRE,201,30493
NPRE,247,54919
NPRE,397,10071
NPRE,402,34302
NPRE,402,43004
NPRE,423,43006
NPRE,431,30500
NPRE,432,30507
NPRE,435,30510
NPRE,446,30513
NPRE,448,30517
NPRE,451,60316
NPRE,457,34526
NPRE,457,43010
NPRE,461,69626
NPRE,461,69627
NPRE,483,34532
NPRE,498,66520
NPRE,498,60327
NPRE,498,66514
NPRE,498,65018
NPRE,501,39440
NPRE,523,72100
NPRE,554,10072
NPRE,595,68351
NPRE,596,30530
NPRE,597,10076
NPRE,599,10080
NRES,102,32865
NRES,201,32862
NRES,210,61566
NRES,219,55864
NRES,220,39333
NRES,270,33494
NRES,285,45961
NRES,293,10092
NRES,294,10086
NRES,295,10096
NRES,348,34570
NRES,396,10100
NRES,401,40129
NRES,403,63660
NRES,409,49854
NRES,419,30579
NRES,422,48527
NRES,423,71972
NRES,424,71996
NRES,428,70457
NRES,430,36911
NRES,438,43964
NRES,440,34113
NRES,454,40130
NRES,462,54705
NRES,471,30588
NRES,472,34572
NRES,487,68322
NRES,501,10110
NRES,501,52560
NRES,594,30597
NRES,599,10114
NS,100,34290
NS,101,32841
NS,120,64676
NS,204,59271
NS,305,46521
NS,305,71313
NS,307,72156
NS,308,49758
NS,323,72215
NUTR,420,37695
NUTR,426,37691
NUTR,428,41058
NUTR,510,71223
NUTR,523,69079
NUTR,524,69034
NUTR,550,30600
NUTR,561,67059
NUTR,590,52343
NUTR,590,52344
NUTR,590,52348
NUTR,593,10117
NUTR,599,10119
PATH,290,47090
PATH,433,70202
PATH,517,53896
PATH,519,54702
PATH,527,47106
PATH,542,65494
PATH,551,47116
PATH,575,47139
PATH,576,47140
PATH,577,47141
PATH,579,47142
PATH,590,47143
PATH,592,50543
PATH,598,50544
PATH,599,47149
PATH,644,54483
PATH,692,47150
PBIO,599,10178
PERS,453,65546
PHIL,100,32658
PHIL,101,34620
PHIL,101,40656
PHIL,101,40655
PHIL,101,40658
PHIL,102,34735
PHIL,103,32678
PHIL,103,71951
PHIL,104,39411
PHIL,105,34761
PHIL,105,34750
PHIL,107,52102
PHIL,108,38394
PHIL,110,38458
PHIL,199,10122
PHIL,199,54511
PHIL,199,70163
PHIL,202,30618
PHIL,203,30620
PHIL,206,30623
PHIL,214,71465
PHIL,231,58035
PHIL,250,60069
PHIL,307,60342
PHIL,316,36877
PHIL,316,36880
PHIL,380,57448
PHIL,380,43033
PHIL,390,10124
PHIL,410,55437
PHIL,410,55436
PHIL,414,57450
PHIL,414,57449
PHIL,421,40630
PHIL,421,30658
PHIL,422,57491
PHIL,422,57490
PHIL,425,54357
PHIL,425,53131
PHIL,433,51755
PHIL,433,51754
PHIL,436,59626
PHIL,436,59625
PHIL,458,69911
PHIL,477,52099
PHIL,477,52098
PHIL,492,10125
PHIL,501,53398
PHIL,501,53132
PHIL,507,60304
PHIL,511,71970
PHIL,511,71969
PHIL,523,57454
PHIL,523,57453
PHIL,583,10128
PHIL,590,10131
PHIL,599,10133
PHYS,100,34792
PHYS,100,56866
PHYS,101,34813
PHYS,101,34816
PHYS,102,34469
PHYS,102,34471
PHYS,199,10145
PHYS,211,55650
PHYS,211,54960
PHYS,211,34564
PHYS,211,56127
PHYS,211,34566
PHYS,211,56128
PHYS,212,43044
PHYS,212,55936
PHYS,212,34734
PHYS,212,55937
PHYS,212,34736
PHYS,212,57517
PHYS,212,55938
PHYS,212,34745
PHYS,213,71589
PHYS,213,71592
PHYS,213,71590
PHYS,213,71591
PHYS,214,34891
PHYS,214,34723
PHYS,214,34894
PHYS,214,34728
PHYS,225,55728
PHYS,298,67785
PHYS,325,32694
PHYS,326,32751
PHYS,329,55016
PHYS,398,71719
PHYS,398,70539
PHYS,401,32710
PHYS,402,33052
PHYS,402,47625
PHYS,427,30681
PHYS,435,32763
PHYS,436,32773
PHYS,460,30688
PHYS,466,64702
PHYS,466,64705
PHYS,485,30685
PHYS,486,32793
PHYS,487,32796
PHYS,496,66672
PHYS,497,10147
PHYS,498,72047
PHYS,505,30700
PHYS,508,52340
PHYS,540,53892
PHYS,561,30721
PHYS,570,30705
PHYS,580,30709
PHYS,582,30717
PHYS,596,51381
PHYS,597,10150
PHYS,598,71974
PHYS,598,63591
PHYS,598,72046
PHYS,599,10154
POL,101,42380
POL,199,10180
POL,201,38773
POL,245,71472
PORT,199,10205
PORT,400,69901
PORT,400,69902
PORT,400,69903
PORT,401,69906
PORT,402,71340
PORT,404,61153
PORT,404,63231
PORT,406,49278
PORT,406,71341
PORT,460,33698
PORT,460,33438
PORT,489,33662
PORT,489,33464
PORT,571,33285
PORT,584,35676
PORT,588,61213
PORT,588,35553
PORT,595,10207
PORT,599,10210
PS,100,32817
PS,100,47375
PS,101,38476
PS,125,70094
PS,170,72179
PS,201,39369
PS,220,40309
PS,225,51886
PS,230,58055
PS,241,43107
PS,243,43111
PS,270,32873
PS,280,39376
PS,280,38477
PS,291,70134
PS,300,70229
PS,300,69006
PS,300,56260
PS,301,30635
PS,302,64932
PS,303,43862
PS,306,71529
PS,313,47922
PS,314,67920
PS,320,67919
PS,321,59712
PS,329,66339
PS,330,43210
PS,348,39386
PS,353,43855
PS,371,43840
PS,373,30642
PS,375,72032
PS,380,47545
PS,385,44147
PS,390,46741
PS,394,47920
PS,398,64508
PS,413,61856
PS,413,61855
PS,490,10187
PS,491,10192
PS,495,51556
PS,496,10190
PS,519,40573
PS,523,65127
PS,530,30638
PS,532,30646
PS,580,30659
PS,582,53318
PS,590,10195
PS,599,10199
PSM,501,54911
PSM,501,60375
PSM,503,56168
PSM,503,60376
PSM,520,59160
PSM,555,64622
PSM,555,64623
PSM,555,64625
PSM,555,64626
PSM,555,62047
PSM,555,62049
PSM,555,66363
PSM,555,66362
PSM,555,64627
PSM,555,64628
PSM,555,64629
PSM,555,64631
PSYC,100,35690
PSYC,100,35695
PSYC,100,38866
PSYC,100,35699
PSYC,100,52334
PSYC,100,50609
PSYC,100,35704
PSYC,100,35716
PSYC,100,43472
PSYC,100,35719
PSYC,100,35723
PSYC,100,35726
PSYC,100,35368
PSYC,100,35360
PSYC,100,35381
PSYC,100,35389
PSYC,100,35403
PSYC,100,43393
PSYC,100,35420
PSYC,100,35725
PSYC,100,43394
PSYC,100,35499
PSYC,100,35455
PSYC,100,35481
PSYC,100,35487
PSYC,100,49229
PSYC,100,35492
PSYC,100,35394
PSYC,100,35476
PSYC,100,35507
PSYC,100,35523
PSYC,100,35514
PSYC,102,45138
PSYC,102,45139
PSYC,102,45141
PSYC,102,45142
PSYC,102,52426
PSYC,102,52564
PSYC,102,52565
PSYC,102,52566
PSYC,102,52567
PSYC,102,65505
PSYC,102,65506
PSYC,102,65507
PSYC,102,65511
PSYC,102,65512
PSYC,102,66174
PSYC,102,66175
PSYC,102,66177
PSYC,102,66178
PSYC,102,69425
PSYC,102,44239
PSYC,102,44240
PSYC,102,44241
PSYC,102,44242
PSYC,102,52425
PSYC,102,65483
PSYC,102,65484
PSYC,102,65485
PSYC,103,32917
PSYC,199,35648
PSYC,201,35741
PSYC,201,35742
PSYC,201,35743
PSYC,201,35744
PSYC,201,35746
PSYC,201,35747
PSYC,201,35748
PSYC,201,41856
PSYC,201,35737
PSYC,201,35740
PSYC,204,64431
PSYC,210,30673
PSYC,216,30675
PSYC,224,30678
PSYC,230,30680
PSYC,235,38034
PSYC,238,38052
PSYC,238,38053
PSYC,238,38054
PSYC,238,38088
PSYC,238,38091
PSYC,238,38092
PSYC,238,48047
PSYC,238,48048
PSYC,239,30683
PSYC,245,32647
PSYC,248,30686
PSYC,250,30689
PSYC,290,45439
PSYC,312,56233
PSYC,324,57477
PSYC,333,32676
PSYC,334,51231
PSYC,350,39819
PSYC,353,43330
PSYC,363,41810
PSYC,383,42668
PSYC,385,56616
PSYC,396,66341
PSYC,403,44051
PSYC,403,43369
PSYC,408,70380
PSYC,408,70379
PSYC,414,47786
PSYC,414,47787
PSYC,416,69263
PSYC,416,60135
PSYC,417,65349
PSYC,417,65350
PSYC,420,34005
PSYC,425,44039
PSYC,425,30698
PSYC,433,51753
PSYC,433,51752
PSYC,450,67699
PSYC,450,67698
PSYC,453,53261
PSYC,453,53262
PSYC,456,43012
PSYC,456,43011
PSYC,465,41266
PSYC,465,37976
PSYC,468,67279
PSYC,468,67278
PSYC,472,34573
PSYC,475,43332
PSYC,477,52101
PSYC,477,52100
PSYC,492,55708
PSYC,494,10229
PSYC,496,37970
PSYC,496,37966
PSYC,496,57400
PSYC,498,30691
PSYC,500,69566
PSYC,500,70291
PSYC,501,70297
PSYC,532,53930
PSYC,538,30712
PSYC,542,70846
PSYC,550,71471
PSYC,552,30719
PSYC,563,42998
PSYC,575,56633
PSYC,589,70285
PSYC,590,10262
PSYC,593,53699
PSYC,593,38125
PSYC,593,55775
PSYC,593,55707
PSYC,593,46224
PSYC,593,51546
PSYC,593,53817
PSYC,593,39832
PSYC,594,38133
PSYC,595,34112
PSYC,598,57475
PSYC,598,57461
PSYC,598,57463
PSYC,598,57459
PSYC,598,57465
PSYC,598,57735
PSYC,598,57467
PSYC,598,70054
PSYC,598,70578
PSYC,598,67319
PSYC,598,57469
PSYC,598,59019
PSYC,598,69837
PSYC,598,57471
PSYC,598,57676
PSYC,598,57473
PSYC,599,10266
REES,200,41441
REES,390,10272
REES,493,30727
REES,590,10275
REES,599,46229
REHB,199,10281
REHB,199,65905
REHB,330,38405
REHB,402,30739
REHB,593,10285
REHB,594,10288
REHB,599,10299
REL,101,67740
REL,104,68127
REL,108,68128
REL,110,67741
REL,111,68348
REL,122,67810
REL,132,68216
REL,201,68218
REL,220,68301
REL,231,67813
REL,236,71388
REL,251,68413
REL,347,70178
REL,390,67814
REL,479,71405
REL,479,71403
REL,479,71404
REL,493,67815
REL,495,71399
REL,495,71400
REL,510,67805
REL,515,71395
REL,590,67816
REL,599,67817
RHET,101,72174
RHET,101,69612
RHET,101,69613
RHET,101,69614
RHET,101,69615
RHET,101,69616
RHET,101,69617
RHET,105,37201
RHET,105,37230
RHET,105,37204
RHET,105,40423
RHET,105,37205
RHET,105,37206
RHET,105,37207
RHET,105,37312
RHET,105,37308
RHET,105,37200
RHET,105,40428
RHET,105,37208
RHET,105,37209
RHET,105,37210
RHET,105,42444
RHET,105,37203
RHET,105,37225
RHET,105,37238
RHET,105,37275
RHET,105,59612
RHET,105,37213
RHET,105,37214
RHET,105,37215
RHET,105,37216
RHET,105,42445
RHET,105,40429
RHET,105,37299
RHET,105,70450
RHET,105,37223
RHET,105,37295
RHET,105,37227
RHET,105,37266
RHET,105,41565
RHET,105,37282
RHET,105,37224
RHET,105,37228
RHET,105,37229
RHET,105,43222
RHET,105,37231
RHET,105,37211
RHET,105,59617
RHET,105,37291
RHET,105,37233
RHET,105,43229
RHET,105,37217
RHET,105,37305
RHET,105,37278
RHET,105,40425
RHET,105,37246
RHET,105,37212
RHET,105,40430
RHET,105,37243
RHET,105,37245
RHET,105,37292
RHET,105,37222
RHET,105,37270
RHET,105,38981
RHET,105,70451
RHET,105,37272
RHET,105,37277
RHET,105,37279
RHET,105,37302
RHET,105,37220
RHET,105,37202
RHET,105,59616
RHET,105,37235
RHET,105,37286
RHET,105,37283
RHET,105,37284
RHET,105,37285
RHET,105,37226
RHET,105,37303
RHET,105,42466
RHET,105,37287
RHET,105,37289
RHET,105,37290
RHET,105,37297
RHET,105,43227
RHET,105,40412
RHET,105,59615
RHET,105,37240
RHET,105,37294
RHET,105,42510
RHET,105,37281
RHET,105,40432
RHET,105,37300
RHET,105,37306
RHET,105,70452
RHET,105,70453
RHET,105,70454
RHET,105,40427
RHET,105,37218
RHET,105,37221
RHET,105,40431
RHET,105,40426
RHET,105,37237
RHET,105,59613
RHET,105,59614
RHET,199,10332
RHET,233,37328
RHET,233,37326
RHET,233,37325
RHET,233,63973
RHET,233,37329
RST,100,42914
RST,101,42916
RST,130,42919
RST,150,71898
RST,199,62000
RST,200,42921
RST,200,42922
RST,210,71389
RST,225,70531
RST,230,42924
RST,255,42926
RST,255,42927
RST,316,42929
RST,317,71967
RST,325,67839
RST,335,67844
RST,340,43054
RST,354,50624
RST,370,43055
RST,390,44280
RST,393,45633
RST,410,43056
RST,410,44258
RST,429,43058
RST,430,71390
RST,450,67846
RST,460,71391
RST,465,71663
RST,480,43062
RST,501,43064
RST,502,46863
RST,512,43204
RST,520,53894
RST,560,56622
RST,590,43066
RST,593,45634
RST,599,45635
RUSS,101,32726
RUSS,101,32728
RUSS,101,40178
RUSS,199,10344
RUSS,201,38766
RUSS,201,38767
RUSS,220,40181
RUSS,290,10348
RUSS,301,39810
RUSS,320,46574
RUSS,401,38770
RUSS,461,67737
RUSS,461,67738
RUSS,493,10351
RUSS,501,42975
RUSS,512,61177
RUSS,520,51200
SAME,150,55018
SAME,272,71548
SAME,454,71499
SAME,454,71500
SAME,590,64966
SCAN,101,51771
SCAN,103,41140
SCAN,251,58533
SCAN,252,48305
SCAN,376,66708
SCAN,493,10368
SCAN,494,67469
SCAN,496,10369
SE,100,70932
SE,101,68140
SE,101,68141
SE,199,68209
SE,199,69042
SE,261,70700
SE,261,68161
SE,290,69280
SE,297,69043
SE,310,68166
SE,320,68167
SE,361,68175
SE,397,69044
SE,400,68178
SE,400,71116
SE,410,68156
SE,412,68203
SE,412,68204
SE,420,68157
SE,450,68206
SE,450,68205
SE,497,69045
SE,498,70948
SE,498,70949
SE,498,69717
SE,498,69720
SE,590,68208
SE,594,69048
SE,597,69046
SE,599,69047
SHS,111,59042
SHS,111,59043
SHS,121,52486
SHS,121,48928
SHS,121,52487
SHS,121,48927
SHS,121,48976
SHS,170,30939
SHS,191,10164
SHS,191,30940
SHS,199,10167
SHS,221,56190
SHS,221,56191
SHS,221,56192
SHS,280,65119
SHS,291,56970
SHS,300,35077
SHS,320,38672
SHS,321,48931
SHS,321,61875
SHS,333,72011
SHS,390,10170
SHS,395,10173
SHS,431,58762
SHS,431,54164
SHS,450,32931
SHS,451,30944
SHS,470,62088
SHS,470,30953
SHS,511,62970
SHS,532,48973
SHS,534,60014
SHS,540,58717
SHS,541,67834
SHS,550,30950
SHS,557,32934
SHS,557,32936
SHS,557,32939
SHS,558,67836
SHS,559,70955
SHS,564,68929
SHS,565,56623
SHS,570,30945
SHS,572,54957
SHS,581,70891
SHS,590,71980
SHS,592,30955
SHS,593,10179
SHS,593,42541
SHS,599,10185
SLAV,117,35647
SLAV,199,62604
SLAV,399,68343
SLAV,399,71008
SLAV,591,10373
SLAV,599,10034
SLS,460,33700
SLS,460,33441
SOC,100,35320
SOC,100,41839
SOC,130,55715
SOC,160,38865
SOC,162,56313
SOC,163,67451
SOC,196,40261
SOC,200,31132
SOC,201,60455
SOC,221,48148
SOC,223,58485
SOC,225,48829
SOC,255,58036
SOC,274,41245
SOC,275,31134
SOC,280,65062
SOC,320,52072
SOC,321,61314
SOC,322,38497
SOC,366,31137
SOC,378,70536
SOC,380,32735
SOC,390,10043
SOC,390,70730
SOC,392,50124
SOC,396,71611
SOC,400,10051
SOC,426,65479
SOC,472,64108
SOC,472,63034
SOC,473,66533
SOC,473,66534
SOC,490,10046
SOC,501,62909
SOC,572,66254
SOC,579,70286
SOC,584,38135
SOC,590,10054
SOC,596,59897
SOC,597,52747
SOC,598,52750
SOC,599,10056
SOCW,101,67886
SOCW,199,10059
SOCW,199,54085
SOCW,200,32750
SOCW,200,32753
SOCW,200,67887
SOCW,225,61472
SOCW,240,64419
SOCW,240,71619
SOCW,297,64420
SOCW,299,66686
SOCW,300,60015
SOCW,300,63068
SOCW,310,65947
SOCW,315,68179
SOCW,321,56110
SOCW,370,71475
SOCW,380,60121
SOCW,401,56111
SOCW,401,56112
SOCW,401,65518
SOCW,402,60017
SOCW,403,58285
SOCW,403,58286
SOCW,403,66504
SOCW,410,58287
SOCW,410,58288
SOCW,410,61474
SOCW,410,61475
SOCW,410,61477
SOCW,416,63134
SOCW,418,10060
SOCW,420,31122
SOCW,427,32755
SOCW,427,32756
SOCW,427,44152
SOCW,427,58411
SOCW,427,60005
SOCW,451,56806
SOCW,451,32764
SOCW,451,44163
SOCW,455,68317
SOCW,457,33632
SOCW,473,66535
SOCW,473,66536
SOCW,480,67049
SOCW,502,67888
SOCW,503,62085
SOCW,505,31123
SOCW,506,32786
SOCW,509,31124
SOCW,509,66510
SOCW,509,66511
SOCW,520,51960
SOCW,522,31127
SOCW,541,32663
SOCW,542,60481
SOCW,552,32805
SOCW,552,32806
SOCW,552,62223
SOCW,554,70599
SOCW,561,10062
SOCW,561,47689
SOCW,562,10064
SOCW,579,66512
SOCW,585,40535
SOCW,589,32660
SOCW,589,32661
SOCW,593,31131
SOCW,594,10066
SOCW,599,10070
SPAN,122,33227
SPAN,122,35210
SPAN,122,35207
SPAN,122,35180
SPAN,122,35109
SPAN,122,35053
SPAN,122,35074
SPAN,122,35085
SPAN,122,35269
SPAN,122,34971
SPAN,122,34987
SPAN,122,34992
SPAN,122,35044
SPAN,122,35059
SPAN,122,35070
SPAN,122,35086
SPAN,122,35322
SPAN,122,35328
SPAN,122,35336
SPAN,122,35363
SPAN,122,35373
SPAN,130,66418
SPAN,130,66419
SPAN,130,66420
SPAN,130,66421
SPAN,130,66422
SPAN,130,66423
SPAN,130,66424
SPAN,130,66425
SPAN,130,66426
SPAN,130,66427
SPAN,130,66428
SPAN,130,66429
SPAN,130,66430
SPAN,130,66431
SPAN,130,66432
SPAN,130,66433
SPAN,130,66434
SPAN,130,66435
SPAN,130,66436
SPAN,130,66437
SPAN,130,66438
SPAN,130,66439
SPAN,130,66442
SPAN,130,66443
SPAN,141,35211
SPAN,141,35113
SPAN,141,35372
SPAN,141,35271
SPAN,141,34978
SPAN,141,34988
SPAN,141,34994
SPAN,141,35045
SPAN,141,35061
SPAN,141,35089
SPAN,141,35323
SPAN,141,35329
SPAN,142,32698
SPAN,142,43973
SPAN,142,63868
SPAN,142,32701
SPAN,142,43975
SPAN,142,50174
SPAN,142,50175
SPAN,142,33058
SPAN,142,43974
SPAN,199,10099
SPAN,200,32715
SPAN,200,49312
SPAN,200,32717
SPAN,200,53095
SPAN,202,32868
SPAN,208,35206
SPAN,208,35141
SPAN,208,35288
SPAN,208,35253
SPAN,228,35216
SPAN,228,55062
SPAN,228,35277
SPAN,228,66371
SPAN,228,51163
SPAN,228,35047
SPAN,228,51168
SPAN,228,35325
SPAN,228,51164
SPAN,228,35355
SPAN,228,34980
SPAN,232,32727
SPAN,232,51171
SPAN,242,58196
SPAN,246,63694
SPAN,250,65330
SPAN,252,53104
SPAN,252,53105
SPAN,252,53109
SPAN,252,53108
SPAN,254,53110
SPAN,254,53114
SPAN,303,55806
SPAN,303,70305
SPAN,305,60647
SPAN,305,53117
SPAN,307,64636
SPAN,307,53118
SPAN,308,69365
SPAN,308,60345
SPAN,308,64430
SPAN,309,55516
SPAN,318,53122
SPAN,320,60341
SPAN,320,57944
SPAN,324,59587
SPAN,326,53123
SPAN,326,53152
SPAN,326,55573
SPAN,399,32870
SPAN,399,32875
SPAN,399,32877
SPAN,399,32880
SPAN,399,32882
SPAN,399,45762
SPAN,399,45763
SPAN,399,51192
SPAN,410,56246
SPAN,410,56245
SPAN,430,51175
SPAN,430,51176
SPAN,432,49434
SPAN,432,49677
SPAN,460,33702
SPAN,460,33442
SPAN,466,55621
SPAN,466,55620
SPAN,477,64478
SPAN,489,33664
SPAN,489,33470
SPAN,490,10103
SPAN,491,10106
SPAN,528,49409
SPAN,535,49357
SPAN,571,33283
SPAN,584,35650
SPAN,588,61198
SPAN,588,35535
SPAN,595,49478
SPAN,599,10118
SPED,199,10075
SPED,199,62064
SPED,391,10082
SPED,395,10081
SPED,405,35040
SPED,405,35057
SPED,405,35339
SPED,405,35774
SPED,405,35776
SPED,414,51213
SPED,431,31103
SPED,440,31105
SPED,444,70311
SPED,446,31108
SPED,450,32677
SPED,461,31118
SPED,465,31120
SPED,470,48038
SPED,471,31039
SPED,510,31041
SPED,517,31042
SPED,550,35834
SPED,583,48971
SPED,590,46641
SPED,590,32684
SPED,590,62065
SPED,591,10090
SPED,591,50325
SPED,591,62057
SPED,591,40570
SPED,592,31043
SPED,595,10087
SPED,599,10427
STAT,100,34973
STAT,107,71476
STAT,200,71899
STAT,200,51802
STAT,200,43154
STAT,200,49228
STAT,200,46962
STAT,200,55963
STAT,212,56457
STAT,212,63162
STAT,361,66299
STAT,385,68355
STAT,385,70215
STAT,390,10189
STAT,391,10194
STAT,400,35030
STAT,400,35005
STAT,400,35026
STAT,400,45556
STAT,409,35097
STAT,410,65078
STAT,410,65080
STAT,410,65611
STAT,410,65613
STAT,410,58796
STAT,410,58798
STAT,420,63857
STAT,420,63856
STAT,420,35486
STAT,420,35711
STAT,420,62027
STAT,420,62029
STAT,420,68357
STAT,420,68358
STAT,425,30956
STAT,425,52528
STAT,425,62204
STAT,425,62207
STAT,428,66538
STAT,428,66540
STAT,428,70216
STAT,428,70218
STAT,429,35477
STAT,429,35715
STAT,430,55664
STAT,430,55666
STAT,432,70220
STAT,432,70221
STAT,432,70222
STAT,432,70223
STAT,433,70910
STAT,433,70911
STAT,434,70224
STAT,434,70225
STAT,440,49774
STAT,440,52527
STAT,440,60183
STAT,440,60184
STAT,448,58587
STAT,448,70250
STAT,448,60186
STAT,448,70253
STAT,480,65110
STAT,480,65111
STAT,480,71530
STAT,480,71531
STAT,510,30957
STAT,527,71836
STAT,542,50222
STAT,552,33568
STAT,553,46969
STAT,555,33552
STAT,558,68442
STAT,571,46970
STAT,578,71915
STAT,590,10198
STAT,599,10203
SWAH,405,40592
SWAH,407,46238
SWAH,409,59259
TAM,195,30960
TAM,199,10204
TAM,201,59890
TAM,210,35219
TAM,210,35222
TAM,210,67650
TAM,211,35220
TAM,211,35221
TAM,212,32966
TAM,251,35217
TAM,270,70017
TAM,297,68342
TAM,324,35223
TAM,335,35218
TAM,335,70179
TAM,424,71894
TAM,424,49317
TAM,428,35291
TAM,435,30963
TAM,451,30962
TAM,461,30961
TAM,470,35028
TAM,470,40082
TAM,497,10211
TAM,499,10208
TAM,500,30964
TAM,514,35569
TAM,518,49219
TAM,531,30965
TAM,538,30966
TAM,541,30968
TAM,549,51690
TAM,551,30969
TAM,554,30970
TAM,570,72239
TAM,597,10215
TAM,598,69007
TAM,598,71725
TAM,599,10220
TE,100,69144
TE,110,72079
TE,200,63097
TE,230,67832
TE,250,66578
TE,333,66676
TE,360,53023
TE,360,70651
TE,360,63129
TE,398,66607
TE,398,69916
TE,401,66594
TE,401,67793
TE,401,70652
TE,401,67795
TE,401,71027
TE,401,67796
TE,401,69697
TE,401,69705
TE,450,66413
TE,460,56934
TE,461,50650
TE,466,56791
TE,498,67439
TE,498,71034
TE,498,65355
TE,565,69710
TE,566,53019
TE,567,54757
TE,598,66678
TE,598,66679
THEA,101,54384
THEA,110,66728
THEA,170,39392
THEA,170,33290
THEA,170,35138
THEA,170,35311
THEA,170,35022
THEA,199,10225
THEA,199,67453
THEA,208,54379
THEA,211,39401
THEA,359,70426
THEA,360,53231
THEA,391,10230
THEA,391,28197
THEA,392,10233
THEA,392,57119
THEA,399,51927
THEA,409,51800
THEA,409,51801
THEA,417,39409
THEA,420,72019
THEA,435,42840
THEA,437,42842
THEA,445,45244
THEA,450,54499
THEA,451,30986
THEA,550,60767
THEA,559,72141
THEA,560,47952
THEA,591,10237
THEA,591,55049
THEA,591,42804
THEA,595,10238
THEA,599,10241
TMGT,367,37806
TMGT,460,37803
TRST,201,58329
TRST,403,66021
TRST,406,56811
TRST,406,56812
TRST,407,56809
TRST,407,56810
TRST,412,57699
TRST,412,57700
TRST,501,67931
TRST,580,67586
TSM,100,33079
TSM,130,66248
TSM,199,10243
TSM,232,32922
TSM,233,32927
TSM,293,41685
TSM,295,10247
TSM,311,49612
TSM,352,68859
TSM,372,47827
TSM,396,10250
TSM,422,51080
TSM,430,64788
TSM,435,68777
TSM,438,59498
TSM,496,10253
TSM,501,54583
TSM,594,54585
TSM,596,54587
TSM,599,54589
TURK,270,71543
TURK,403,69125
TURK,405,69126
TURK,490,70084
UKR,101,31068
UKR,113,31069
UKR,199,10282
UKR,201,54319
UP,101,35305
UP,210,61567
UP,211,66262
UP,260,31055
UP,312,31053
UP,330,64592
UP,340,68407
UP,397,10261
UP,418,32959
UP,420,62775
UP,423,58200
UP,430,66564
UP,460,59215
UP,473,54998
UP,479,72014
UP,481,64109
UP,481,63035
UP,494,71800
UP,501,53889
UP,503,31063
UP,504,52513
UP,509,52192
UP,533,66255
UP,597,10269
UP,598,10273
UP,599,10278
VCM,501,50944
VCM,503,50682
VCM,522,50666
VCM,528,69547
VCM,535,71030
VCM,536,59477
VCM,542,65500
VCM,577,31113
VCM,584,31114
VCM,584,60717
VCM,588,31117
VCM,590,10318
VCM,592,10321
VCM,592,64133
VCM,592,64173
VCM,593,10324
VCM,593,64176
VCM,593,52820
VCM,598,52778
VCM,599,10328
VCM,635,62251
VCM,636,70445
VCM,643,60652
VCM,643,64252
VCM,646,33188
VCM,646,45975
VCM,648,54616
VCM,649,60319
VCM,656,64927
VCM,657,45974
VCM,660,58864
VCM,672,61696
VCM,677,56957
VCM,681,70924
VCM,682,52859
VCM,686,54954
VCM,692,10315
VCM,695,61697
VM,601,54943
VM,602,54952
VM,605,56271
VM,607,64924
VM,609,58856
VM,610,58861
VM,622,69128
VM,626,61311
VM,626,70883
VM,635,64930
VM,643,49517
WLOF,201,56792
WLOF,403,36638
WLOF,405,46168
WRIT,300,66522
WRIT,300,68369
WRIT,303,55022
WRIT,303,55021
WRIT,303,56171
WRIT,303,55023
YDSH,101,40424
YDSH,103,30730
YDSH,220,35635
ZULU,201,39740
ZULU,202,71955
